Vendor County Code,Vendor County,Obligation Year and Month,Number of Families Redeemed,Number of Food Instruments Redeemed,Dollar Amount of Food Instruments,Number of EBT Transactions,Dollar Amount of EBT Transactions,Average Cost per Family,Statewide Infant Formula Rebate,Total Cost Adjusted,Average Cost Adjusted
0,Statewide,2019,852720,31708833,"$649,566,563.58 ",1228507,"$42,648,675.07 ",$811.77 ,"$214,555,815.56 ","$477,659,423.09 ",$560.16 
0,Statewide,201901,585256,2954497,"$60,242,595.22 ",,,$102.93 ,"$19,832,012.61 ","$40,410,582.61 ",$69.05 
0,Statewide,201902,579383,2928131,"$59,737,707.98 ",,,$103.11 ,"$17,134,898.26 ","$42,602,809.72 ",$73.53 
0,Statewide,201903,572695,2872747,"$58,808,020.23 ",,,$102.69 ,"$17,669,127.22 ","$41,138,893.01 ",$71.83 
0,Statewide,201904,570971,2885774,"$58,910,279.55 ",,,$103.18 ,"$18,128,406.25 ","$40,781,873.30 ",$71.43 
0,Statewide,201905,573605,2883560,"$58,939,227.20 ",,,$102.75 ,"$18,975,100.67 ","$39,964,126.53 ",$69.67 
0,Statewide,201906,567411,2857151,"$58,271,223.61 ",7065,"$225,905.88 ",$103.09 ,"$16,920,094.61 ","$41,577,034.88 ",$73.27 
0,Statewide,201907,572716,2867842,"$58,472,314.79 ",11976,"$391,966.69 ",$102.78 ,"$18,533,699.71 ","$40,330,581.77 ",$70.42 
0,Statewide,201908,567973,2816504,"$57,559,894.33 ",14873,"$484,969.53 ",$102.20 ,"$17,819,021.64 ","$40,225,842.22 ",$70.82 
0,Statewide,201909,552359,2627301,"$53,787,042.18 ",95450,"$3,272,204.39 ",$103.30 ,"$16,811,283.27 ","$40,247,963.30 ",$72.87 
0,Statewide,201910,542335,2330214,"$48,156,585.29 ",231420,"$7,808,209.83 ",$103.19 ,"$18,658,903.49 ","$37,305,891.63 ",$68.79 
0,Statewide,201911,518240,2005505,"$41,716,414.15 ",351696,"$12,272,848.55 ",$104.18 ,"$15,970,698.40 ","$38,018,564.30 ",$73.36 
0,Statewide,201912,501112,1679607,"$34,965,259.05 ",516027,"$18,192,570.20 ",$106.08 ,"$18,102,569.43 ","$35,055,259.82 ",$69.95 
0,Statewide,2020,763390,3520350,"$73,240,572.73 ",14944127,"$595,796,309.04 ",$876.40 ,"$205,737,686.96 ","$463,299,194.81 ",$606.90 
0,Statewide,202001,519486,1451127,"$30,058,597.81 ",738836,"$25,493,708.42 ",$106.94 ,"$18,127,140.58 ","$37,425,165.65 ",$72.04 
0,Statewide,202002,504146,1082134,"$22,485,744.02 ",897601,"$31,732,730.97 ",$107.55 ,"$16,254,166.58 ","$37,964,308.41 ",$75.30 
0,Statewide,202003,511662,664007,"$13,892,400.06 ",1098072,"$42,014,709.08 ",$109.27 ,"$17,920,228.79 ","$37,986,880.35 ",$74.24 
0,Statewide,202004,520519,256709,"$5,423,402.81 ",1197203,"$50,635,652.22 ",$107.70 ,"$16,377,358.94 ","$39,681,696.09 ",$76.23 
0,Statewide,202005,525436,66373,"$1,380,428.03 ",1298625,"$54,055,028.90 ",$105.50 ,"$17,139,838.69 ","$38,295,618.24 ",$72.88 
0,Statewide,202006,532347,,,1341709,"$55,580,997.81 ",$104.41 ,"$16,921,087.09 ","$38,659,910.72 ",$72.62 
0,Statewide,202007,543151,,,1393742,"$56,432,447.72 ",$103.90 ,"$17,749,735.64 ","$38,682,712.08 ",$71.22 
0,Statewide,202008,546005,,,1403848,"$56,391,713.54 ",$103.28 ,"$16,978,746.12 ","$39,412,967.42 ",$72.18 
0,Statewide,202009,544487,,,1381857,"$55,859,459.75 ",$102.59 ,"$16,680,783.51 ","$39,178,676.24 ",$71.96 
0,Statewide,202010,548101,,,1411794,"$55,976,929.73 ",$102.13 ,"$17,474,924.50 ","$38,502,005.23 ",$70.25 
0,Statewide,202011,546353,,,1390760,"$55,702,788.33 ",$101.95 ,"$16,419,395.79 ","$39,283,392.54 ",$71.90 
0,Statewide,202012,547249,,,1390080,"$55,920,142.57 ",$102.18 ,"$17,694,280.73 ","$38,225,861.84 ",$69.85 
1,Alameda,2019,28049,656225,"$13,816,977.37 ",112482,"$4,630,785.11 ",$657.70 ,,,
1,Alameda,201901,16063,77291,"$1,601,246.89 ",,,$99.69 ,,,
1,Alameda,201902,16105,77299,"$1,615,577.29 ",,,$100.32 ,,,
1,Alameda,201903,16041,76968,"$1,614,438.42 ",,,$100.64 ,,,
1,Alameda,201904,16107,77250,"$1,639,212.58 ",,,$101.77 ,,,
1,Alameda,201905,15991,75881,"$1,612,995.66 ",,,$100.87 ,,,
1,Alameda,201906,15583,74548,"$1,585,979.69 ",,,$101.78 ,,,
1,Alameda,201907,15534,73608,"$1,564,341.74 ",1,$2.99 ,$100.70 ,,,
1,Alameda,201908,14938,70619,"$1,498,961.01 ",12,$792.35 ,$100.40 ,,,
1,Alameda,201909,13959,38374,"$795,324.76 ",16520,"$671,161.83 ",$105.06 ,,,
1,Alameda,201910,13607,13825,"$274,490.15 ",29188,"$1,156,538.60 ",$105.17 ,,,
1,Alameda,201911,12884,297,"$7,277.33 ",33205,"$1,377,071.16 ",$107.45 ,,,
1,Alameda,201912,12990,265,"$7,131.85 ",33556,"$1,425,218.18 ",$110.27 ,,,
1,Alameda,2020,23384,642,"$17,263.43 ",394843,"$19,243,769.67 ",$823.68 ,,,
1,Alameda,202001,13597,256,"$7,129.69 ",35650,"$1,516,653.87 ",$112.07 ,,,
1,Alameda,202002,13534,180,"$5,037.66 ",34705,"$1,525,067.47 ",$113.06 ,,,
1,Alameda,202003,14034,150,"$3,742.23 ",34431,"$1,602,037.57 ",$114.42 ,,,
1,Alameda,202004,14147,50,"$1,265.59 ",32020,"$1,616,677.78 ",$114.37 ,,,
1,Alameda,202005,14232,6,$88.26 ,31966,"$1,609,392.48 ",$113.09 ,,,
1,Alameda,202006,14225,,,31963,"$1,596,891.57 ",$112.26 ,,,
1,Alameda,202007,14414,,,33068,"$1,596,479.04 ",$110.76 ,,,
1,Alameda,202008,14323,,,32867,"$1,626,648.00 ",$113.57 ,,,
1,Alameda,202009,14374,,,32158,"$1,627,842.85 ",$113.25 ,,,
1,Alameda,202010,14442,,,32209,"$1,631,318.77 ",$112.96 ,,,
1,Alameda,202011,14462,,,31829,"$1,644,030.07 ",$113.68 ,,,
1,Alameda,202012,14537,,,31977,"$1,650,730.20 ",$113.55 ,,,
3,Amador,2019,821,14815,"$284,603.53 ",2810,"$80,267.26 ",$444.42 ,,,
3,Amador,201901,393,1594,"$31,034.15 ",,,$78.97 ,,,
3,Amador,201902,349,1561,"$31,560.60 ",,,$90.43 ,,,
3,Amador,201903,351,1656,"$30,838.63 ",,,$87.86 ,,,
3,Amador,201904,364,1677,"$31,096.87 ",,,$85.43 ,,,
3,Amador,201905,370,1685,"$31,496.55 ",,,$85.13 ,,,
3,Amador,201906,351,1589,"$30,206.67 ",,,$86.06 ,,,
3,Amador,201907,366,1683,"$32,727.32 ",,,$89.42 ,,,
3,Amador,201908,355,1616,"$31,727.80 ",,,$89.37 ,,,
3,Amador,201909,340,1305,"$24,967.81 ",184,"$5,206.19 ",$88.75 ,,,
3,Amador,201910,331,409,"$8,117.33 ",734,"$20,618.98 ",$86.82 ,,,
3,Amador,201911,325,28,$448.47 ,931,"$26,121.66 ",$81.75 ,,,
3,Amador,201912,311,12,$381.33 ,961,"$28,320.43 ",$92.29 ,,,
3,Amador,2020,765,79,"$1,645.37 ",11333,"$341,015.76 ",$447.92 ,,,
3,Amador,202001,344,25,$360.02 ,1022,"$28,991.18 ",$85.32 ,,,
3,Amador,202002,352,28,$607.24 ,1019,"$28,091.38 ",$81.53 ,,,
3,Amador,202003,368,15,$439.91 ,1045,"$30,497.26 ",$84.07 ,,,
3,Amador,202004,378,7,$196.25 ,889,"$30,831.98 ",$82.09 ,,,
3,Amador,202005,365,4,$41.95 ,887,"$27,705.61 ",$76.02 ,,,
3,Amador,202006,373,,,904,"$30,375.80 ",$81.44 ,,,
3,Amador,202007,371,,,958,"$30,130.89 ",$81.22 ,,,
3,Amador,202008,375,,,987,"$29,560.52 ",$78.83 ,,,
3,Amador,202009,362,,,897,"$26,268.30 ",$72.56 ,,,
3,Amador,202010,379,,,947,"$27,952.96 ",$73.75 ,,,
3,Amador,202011,370,,,952,"$27,131.65 ",$73.33 ,,,
3,Amador,202012,327,,,826,"$23,478.23 ",$71.80 ,,,
4,Butte,2019,5497,131953,"$2,543,132.33 ",18900,"$582,605.10 ",$568.63 ,,,
4,Butte,201901,2980,14402,"$280,842.53 ",,,$94.24 ,,,
4,Butte,201902,2891,14068,"$275,631.56 ",,,$95.34 ,,,
4,Butte,201903,2886,14193,"$276,582.66 ",,,$95.84 ,,,
4,Butte,201904,2863,13980,"$267,454.94 ",,,$93.42 ,,,
4,Butte,201905,2912,14122,"$270,542.49 ",,,$92.91 ,,,
4,Butte,201906,2908,14092,"$269,178.91 ",,,$92.56 ,,,
4,Butte,201907,2913,14340,"$276,181.77 ",,,$94.81 ,,,
4,Butte,201908,2862,13852,"$265,008.53 ",2,$203.83 ,$92.67 ,,,
4,Butte,201909,2700,11969,"$228,736.49 ",746,"$22,782.38 ",$93.16 ,,,
4,Butte,201910,2617,5339,"$101,585.70 ",4399,"$133,644.11 ",$89.89 ,,,
4,Butte,201911,2559,1579,"$31,063.36 ",6353,"$197,488.78 ",$89.31 ,,,
4,Butte,201912,2572,17,$323.39 ,7400,"$228,486.00 ",$88.96 ,,,
4,Butte,2020,5177,84,"$1,982.63 ",81293,"$2,771,540.19 ",$535.74 ,,,
4,Butte,202001,2662,34,$455.37 ,7802,"$236,369.16 ",$88.96 ,,,
4,Butte,202002,2645,39,"$1,381.56 ",7145,"$231,764.76 ",$88.15 ,,,
4,Butte,202003,2811,8,$107.40 ,7386,"$247,304.29 ",$88.02 ,,,
4,Butte,202004,2888,3,$38.30 ,6731,"$243,435.39 ",$84.31 ,,,
4,Butte,202005,2641,,,6243,"$222,382.31 ",$84.20 ,,,
4,Butte,202006,2662,,,6330,"$221,667.01 ",$83.27 ,,,
4,Butte,202007,2730,,,6562,"$231,741.36 ",$84.89 ,,,
4,Butte,202008,2660,,,6624,"$228,038.98 ",$85.73 ,,,
4,Butte,202009,2737,,,6630,"$227,881.81 ",$83.26 ,,,
4,Butte,202010,2714,,,6720,"$225,032.76 ",$82.92 ,,,
4,Butte,202011,2701,,,6574,"$228,534.64 ",$84.61 ,,,
4,Butte,202012,2709,,,6546,"$227,387.72 ",$83.94 ,,,
5,Calaveras,2019,576,9545,"$194,050.26 ",2036,"$45,440.03 ",$415.78 ,,,
5,Calaveras,201901,264,1082,"$21,606.07 ",,,$81.84 ,,,
5,Calaveras,201902,253,1091,"$22,986.18 ",,,$90.85 ,,,
5,Calaveras,201903,247,1080,"$22,725.94 ",,,$92.01 ,,,
5,Calaveras,201904,269,1172,"$23,611.60 ",,,$87.78 ,,,
5,Calaveras,201905,254,1112,"$22,528.80 ",,,$88.70 ,,,
5,Calaveras,201906,228,973,"$19,775.70 ",,,$86.74 ,,,
5,Calaveras,201907,217,971,"$18,808.80 ",,,$86.68 ,,,
5,Calaveras,201908,220,983,"$19,316.68 ",,,$87.80 ,,,
5,Calaveras,201909,224,751,"$15,749.05 ",197,"$3,139.71 ",$84.32 ,,,
5,Calaveras,201910,196,226,"$4,640.73 ",503,"$11,067.77 ",$80.15 ,,,
5,Calaveras,201911,198,47,"$1,050.89 ",655,"$14,767.38 ",$79.89 ,,,
5,Calaveras,201912,219,57,"$1,249.82 ",681,"$16,465.17 ",$80.89 ,,,
5,Calaveras,2020,530,98,"$2,989.71 ",7219,"$212,448.24 ",$406.49 ,,,
5,Calaveras,202001,242,39,"$1,192.05 ",776,"$18,783.90 ",$82.55 ,,,
5,Calaveras,202002,225,31,$900.62 ,660,"$17,396.66 ",$81.32 ,,,
5,Calaveras,202003,245,16,$437.01 ,724,"$19,080.25 ",$79.66 ,,,
5,Calaveras,202004,218,12,$460.03 ,605,"$18,275.30 ",$85.94 ,,,
5,Calaveras,202005,213,,,550,"$17,574.92 ",$82.51 ,,,
5,Calaveras,202006,225,,,533,"$18,652.91 ",$82.90 ,,,
5,Calaveras,202007,226,,,595,"$16,241.72 ",$71.87 ,,,
5,Calaveras,202008,231,,,617,"$18,692.26 ",$80.92 ,,,
5,Calaveras,202009,236,,,526,"$18,064.94 ",$76.55 ,,,
5,Calaveras,202010,233,,,554,"$16,430.66 ",$70.52 ,,,
5,Calaveras,202011,229,,,541,"$16,532.82 ",$72.20 ,,,
5,Calaveras,202012,223,,,538,"$16,721.90 ",$74.99 ,,,
6,Colusa,2019,851,22178,"$481,610.36 ",3552,"$108,440.03 ",$693.36 ,,,
6,Colusa,201901,530,2550,"$54,281.91 ",,,$102.42 ,,,
6,Colusa,201902,511,2374,"$53,104.02 ",,,$103.92 ,,,
6,Colusa,201903,512,2464,"$53,899.93 ",,,$105.27 ,,,
6,Colusa,201904,526,2398,"$53,386.35 ",,,$101.49 ,,,
6,Colusa,201905,524,2454,"$54,094.16 ",,,$103.23 ,,,
6,Colusa,201906,522,2433,"$53,164.02 ",,,$101.85 ,,,
6,Colusa,201907,516,2406,"$51,814.79 ",,,$100.42 ,,,
6,Colusa,201908,502,2361,"$50,037.09 ",,,$99.68 ,,,
6,Colusa,201909,459,1909,"$40,547.41 ",181,"$4,997.63 ",$99.23 ,,,
6,Colusa,201910,459,730,"$15,314.74 ",968,"$27,708.19 ",$93.73 ,,,
6,Colusa,201911,415,98,"$1,805.01 ",1221,"$38,865.87 ",$98.00 ,,,
6,Colusa,201912,401,1,$160.93 ,1182,"$36,868.34 ",$92.34 ,,,
6,Colusa,2020,782,12,$342.93 ,16426,"$533,571.61 ",$682.76 ,,,
6,Colusa,202001,441,6,$232.07 ,1342,"$41,213.49 ",$93.98 ,,,
6,Colusa,202002,450,3,$59.40 ,1377,"$38,942.53 ",$86.67 ,,,
6,Colusa,202003,509,3,$51.46 ,1526,"$45,688.05 ",$89.86 ,,,
6,Colusa,202004,509,,,1366,"$44,452.69 ",$87.33 ,,,
6,Colusa,202005,509,,,1403,"$46,102.69 ",$90.58 ,,,
6,Colusa,202006,510,,,1392,"$44,178.54 ",$86.62 ,,,
6,Colusa,202007,528,,,1480,"$46,057.97 ",$87.23 ,,,
6,Colusa,202008,518,,,1406,"$44,829.25 ",$86.54 ,,,
6,Colusa,202009,517,,,1351,"$47,112.01 ",$91.13 ,,,
6,Colusa,202010,494,,,1272,"$45,319.27 ",$91.74 ,,,
6,Colusa,202011,496,,,1269,"$45,848.01 ",$92.44 ,,,
6,Colusa,202012,482,,,1242,"$43,827.11 ",$90.93 ,,,
7,Contra Costa,2019,20161,422814,"$8,799,321.95 ",74262,"$2,698,135.26 ",$570.28 ,,,
7,Contra Costa,201901,10096,48192,"$1,000,968.07 ",,,$99.15 ,,,
7,Contra Costa,201902,10288,49157,"$1,028,178.92 ",,,$99.94 ,,,
7,Contra Costa,201903,10247,48790,"$1,020,429.56 ",,,$99.58 ,,,
7,Contra Costa,201904,10416,50123,"$1,041,451.95 ",,,$99.99 ,,,
7,Contra Costa,201905,10677,50451,"$1,049,908.63 ",,,$98.33 ,,,
7,Contra Costa,201906,10335,49960,"$1,042,088.23 ",5,$72.10 ,$100.84 ,,,
7,Contra Costa,201907,10164,49229,"$1,029,025.87 ",8,$496.66 ,$101.29 ,,,
7,Contra Costa,201908,9592,46128,"$976,024.62 ",63,"$2,621.52 ",$102.03 ,,,
7,Contra Costa,201909,8664,24274,"$486,856.87 ",10429,"$368,487.72 ",$98.72 ,,,
7,Contra Costa,201910,8238,6192,"$118,020.49 ",19327,"$701,579.12 ",$99.49 ,,,
7,Contra Costa,201911,8160,178,"$3,562.39 ",21927,"$794,846.19 ",$97.84 ,,,
7,Contra Costa,201912,8212,140,"$2,806.35 ",22503,"$830,031.95 ",$101.42 ,,,
7,Contra Costa,2020,16407,372,"$9,052.13 ",281109,"$11,247,877.24 ",$686.11 ,,,
7,Contra Costa,202001,8520,126,"$3,087.92 ",23729,"$858,651.72 ",$101.14 ,,,
7,Contra Costa,202002,8497,93,"$2,433.35 ",23004,"$854,464.35 ",$100.85 ,,,
7,Contra Costa,202003,8949,88,"$1,797.79 ",23327,"$911,271.41 ",$102.03 ,,,
7,Contra Costa,202004,9429,52,"$1,359.62 ",22394,"$941,469.35 ",$99.99 ,,,
7,Contra Costa,202005,9544,13,$373.45 ,22654,"$948,120.90 ",$99.38 ,,,
7,Contra Costa,202006,9764,,,22815,"$940,130.92 ",$96.29 ,,,
7,Contra Costa,202007,9958,,,23543,"$955,321.89 ",$95.94 ,,,
7,Contra Costa,202008,9986,,,23812,"$958,458.76 ",$95.98 ,,,
7,Contra Costa,202009,10073,,,23658,"$959,808.01 ",$95.29 ,,,
7,Contra Costa,202010,10158,,,24159,"$961,161.32 ",$94.62 ,,,
7,Contra Costa,202011,10248,,,24047,"$979,258.61 ",$95.56 ,,,
7,Contra Costa,202012,10295,,,23967,"$979,760.00 ",$95.17 ,,,
8,Del Norte,2019,980,22385,"$382,515.04 ",6221,"$158,296.78 ",$551.85 ,,,
8,Del Norte,201901,576,2855,"$49,300.32 ",,,$85.59 ,,,
8,Del Norte,201902,553,2768,"$47,738.46 ",,,$86.33 ,,,
8,Del Norte,201903,555,2683,"$45,690.69 ",,,$82.33 ,,,
8,Del Norte,201904,559,2747,"$46,216.16 ",,,$82.68 ,,,
8,Del Norte,201905,562,2777,"$47,216.18 ",,,$84.01 ,,,
8,Del Norte,201906,546,2713,"$45,790.58 ",,,$83.87 ,,,
8,Del Norte,201907,519,2635,"$45,447.75 ",,,$87.57 ,,,
8,Del Norte,201908,507,2508,"$42,715.05 ",,,$84.25 ,,,
8,Del Norte,201909,493,494,"$9,227.24 ",1365,"$33,264.25 ",$86.19 ,,,
8,Del Norte,201910,536,163,"$2,658.22 ",1680,"$41,372.08 ",$82.15 ,,,
8,Del Norte,201911,527,34,$438.16 ,1583,"$40,963.58 ",$78.56 ,,,
8,Del Norte,201912,539,8,$76.23 ,1593,"$42,696.87 ",$79.36 ,,,
8,Del Norte,2020,800,28,$394.33 ,15496,"$456,311.79 ",$570.88 ,,,
8,Del Norte,202001,567,15,$261.65 ,1714,"$47,121.90 ",$83.57 ,,,
8,Del Norte,202002,548,11,$112.66 ,1537,"$44,216.00 ",$80.89 ,,,
8,Del Norte,202003,539,2,$20.02 ,1560,"$42,156.90 ",$78.25 ,,,
8,Del Norte,202004, - , - , - , - , - , - ,,,
8,Del Norte,202005, - , - , - , - , - , - ,,,
8,Del Norte,202006, - , - , - , - , - , - ,,,
8,Del Norte,202007, - , - , - , - , - , - ,,,
8,Del Norte,202008, - , - , - , - , - , - ,,,
8,Del Norte,202009, - , - , - , - , - , - ,,,
8,Del Norte,202010, - , - , - , - , - , - ,,,
8,Del Norte,202011, - , - , - , - , - , - ,,,
8,Del Norte,202012, - , - , - , - , - , - ,,,
9,El Dorado,2019,1955,37945,"$779,424.74 ",7016,"$207,357.44 ",$504.75 ,,,
9,El Dorado,201901,975,4337,"$89,358.60 ",,,$91.65 ,,,
9,El Dorado,201902,919,4278,"$87,344.23 ",,,$95.04 ,,,
9,El Dorado,201903,895,4181,"$87,794.59 ",,,$98.09 ,,,
9,El Dorado,201904,867,4108,"$85,203.04 ",,,$98.27 ,,,
9,El Dorado,201905,883,4114,"$84,316.67 ",,,$95.49 ,,,
9,El Dorado,201906,898,4127,"$84,164.97 ",,,$93.72 ,,,
9,El Dorado,201907,914,4165,"$85,447.20 ",,,$93.49 ,,,
9,El Dorado,201908,914,4124,"$83,785.46 ",,,$91.67 ,,,
9,El Dorado,201909,842,3297,"$68,090.00 ",384,"$10,156.64 ",$92.93 ,,,
9,El Dorado,201910,795,969,"$18,859.38 ",1817,"$52,157.85 ",$89.33 ,,,
9,El Dorado,201911,834,227,"$4,364.87 ",2326,"$70,079.92 ",$89.26 ,,,
9,El Dorado,201912,847,18,$695.73 ,2489,"$74,963.03 ",$89.33 ,,,
9,El Dorado,2020,1915,66,"$1,247.73 ",27212,"$875,729.03 ",$457.95 ,,,
9,El Dorado,202001,862,15,$228.89 ,2542,"$77,806.34 ",$90.53 ,,,
9,El Dorado,202002,854,22,$420.67 ,2391,"$70,967.50 ",$83.59 ,,,
9,El Dorado,202003,911,21,$443.29 ,2398,"$76,265.16 ",$84.20 ,,,
9,El Dorado,202004,880,8,$154.88 ,2179,"$73,635.19 ",$83.85 ,,,
9,El Dorado,202005,891,,,2242,"$73,292.39 ",$82.26 ,,,
9,El Dorado,202006,898,,,2071,"$70,742.07 ",$78.78 ,,,
9,El Dorado,202007,923,,,2202,"$73,735.11 ",$79.89 ,,,
9,El Dorado,202008,919,,,2266,"$73,222.69 ",$79.68 ,,,
9,El Dorado,202009,909,,,2138,"$71,632.50 ",$78.80 ,,,
9,El Dorado,202010,921,,,2236,"$71,556.44 ",$77.69 ,,,
9,El Dorado,202011,941,,,2275,"$71,948.32 ",$76.46 ,,,
9,El Dorado,202012,932,,,2272,"$70,925.32 ",$76.10 ,,,
10,Fresno,2019,45670,1810212,"$37,605,081.87 ",119,"$3,493.46 ",$823.49 ,,,
10,Fresno,201901,30918,154761,"$3,252,174.61 ",,,$105.19 ,,,
10,Fresno,201902,30725,154291,"$3,239,372.89 ",,,$105.43 ,,,
10,Fresno,201903,30676,152429,"$3,193,712.75 ",,,$104.11 ,,,
10,Fresno,201904,30680,153982,"$3,193,642.71 ",,,$104.10 ,,,
10,Fresno,201905,30864,153286,"$3,168,529.85 ",,,$102.66 ,,,
10,Fresno,201906,30550,152962,"$3,143,216.02 ",,,$102.89 ,,,
10,Fresno,201907,30753,154172,"$3,163,640.38 ",1,$2.78 ,$102.87 ,,,
10,Fresno,201908,30611,152092,"$3,124,814.78 ",1,$33.38 ,$102.08 ,,,
10,Fresno,201909,30204,150693,"$3,109,933.49 ",3,$156.39 ,$102.97 ,,,
10,Fresno,201910,29677,147307,"$3,057,985.58 ",14,$555.92 ,$103.06 ,,,
10,Fresno,201911,28812,143217,"$2,992,575.26 ",22,$672.98 ,$103.89 ,,,
10,Fresno,201912,28439,141020,"$2,965,483.55 ",78,"$2,072.01 ",$104.35 ,,,
10,Fresno,2020,42781,425838,"$8,993,625.21 ",603634,"$25,692,265.67 ",$810.78 ,,,
10,Fresno,202001,28968,144732,"$3,032,892.10 ",80,"$2,787.11 ",$104.79 ,,,
10,Fresno,202002,27387,136863,"$2,911,229.70 ",165,"$5,452.43 ",$106.50 ,,,
10,Fresno,202003,26545,95018,"$2,020,041.50 ",19607,"$874,478.57 ",$109.04 ,,,
10,Fresno,202004,25965,41899,"$883,457.79 ",41480,"$1,939,754.04 ",$108.73 ,,,
10,Fresno,202005,25977,7326,"$146,004.12 ",58999,"$2,633,597.42 ",$107.00 ,,,
10,Fresno,202006,26966,,,65860,"$2,822,218.51 ",$104.66 ,,,
10,Fresno,202007,27738,,,69005,"$2,915,302.66 ",$105.10 ,,,
10,Fresno,202008,27949,,,69310,"$2,910,947.74 ",$104.15 ,,,
10,Fresno,202009,27950,,,68906,"$2,896,953.33 ",$103.65 ,,,
10,Fresno,202010,28310,,,71167,"$2,919,161.97 ",$103.11 ,,,
10,Fresno,202011,28066,,,70008,"$2,890,765.17 ",$103.00 ,,,
10,Fresno,202012,27978,,,69047,"$2,880,846.72 ",$102.97 ,,,
11,Glenn,2019,1325,26673,"$475,907.81 ",5025,"$125,966.79 ",$454.24 ,,,
11,Glenn,201901,677,2977,"$53,733.15 ",,,$79.37 ,,,
11,Glenn,201902,634,2785,"$50,510.35 ",,,$79.67 ,,,
11,Glenn,201903,660,2876,"$51,595.97 ",,,$78.18 ,,,
11,Glenn,201904,655,2850,"$49,920.65 ",,,$76.21 ,,,
11,Glenn,201905,672,2977,"$53,361.17 ",,,$79.41 ,,,
11,Glenn,201906,696,2975,"$53,685.55 ",,,$77.13 ,,,
11,Glenn,201907,673,2976,"$52,130.71 ",,,$77.46 ,,,
11,Glenn,201908,656,2889,"$50,271.61 ",,,$76.63 ,,,
11,Glenn,201909,622,2362,"$43,327.53 ",246,"$5,204.29 ",$78.03 ,,,
11,Glenn,201910,655,853,"$15,208.03 ",1288,"$32,642.43 ",$73.05 ,,,
11,Glenn,201911,603,153,"$2,163.09 ",1623,"$40,946.18 ",$71.49 ,,,
11,Glenn,201912,656,,,1868,"$47,173.89 ",$71.91 ,,,
11,Glenn,2020,1326,5,$319.12 ,19956,"$528,192.38 ",$398.58 ,,,
11,Glenn,202001,705,,,1935,"$51,171.70 ",$72.58 ,,,
11,Glenn,202002,671,,,1745,"$45,859.15 ",$68.34 ,,,
11,Glenn,202003,714,5,$319.12 ,1802,"$49,402.56 ",$69.64 ,,,
11,Glenn,202004,656,,,1521,"$44,970.05 ",$68.55 ,,,
11,Glenn,202005,663,,,1548,"$43,983.14 ",$66.34 ,,,
11,Glenn,202006,679,,,1551,"$45,236.24 ",$66.62 ,,,
11,Glenn,202007,693,,,1704,"$44,373.75 ",$64.03 ,,,
11,Glenn,202008,669,,,1703,"$42,249.15 ",$63.15 ,,,
11,Glenn,202009,667,,,1606,"$41,347.53 ",$61.99 ,,,
11,Glenn,202010,651,,,1629,"$39,891.22 ",$61.28 ,,,
11,Glenn,202011,664,,,1681,"$40,959.62 ",$61.69 ,,,
11,Glenn,202012,615,,,1531,"$38,748.27 ",$63.01 ,,,
12,Humboldt,2019,3060,67586,"$1,307,442.84 ",20357,"$548,431.74 ",$606.49 ,,,
12,Humboldt,201901,1808,8716,"$167,299.46 ",,,$92.53 ,,,
12,Humboldt,201902,1726,8292,"$159,592.81 ",,,$92.46 ,,,
12,Humboldt,201903,1640,7875,"$153,413.54 ",,,$93.54 ,,,
12,Humboldt,201904,1675,8147,"$156,344.49 ",,,$93.34 ,,,
12,Humboldt,201905,1750,8493,"$163,596.81 ",,,$93.48 ,,,
12,Humboldt,201906,1704,8225,"$159,795.04 ",,,$93.78 ,,,
12,Humboldt,201907,1687,8256,"$162,121.92 ",,,$96.10 ,,,
12,Humboldt,201908,1661,8012,"$156,272.89 ",,,$94.08 ,,,
12,Humboldt,201909,1465,1278,"$23,524.72 ",4400,"$114,667.74 ",$94.33 ,,,
12,Humboldt,201910,1580,261,"$4,581.44 ",5312,"$142,879.56 ",$93.33 ,,,
12,Humboldt,201911,1673,15,$511.41 ,5358,"$147,522.85 ",$88.48 ,,,
12,Humboldt,201912,1594,16,$388.31 ,5287,"$143,361.59 ",$90.18 ,,,
12,Humboldt,2020,2682,13,$159.30 ,52949,"$1,584,295.27 ",$590.77 ,,,
12,Humboldt,202001,1686,11,$138.60 ,5633,"$154,802.60 ",$91.90 ,,,
12,Humboldt,202002,1600,2,$20.70 ,5012,"$144,487.09 ",$90.32 ,,,
12,Humboldt,202003,1672,,,4816,"$147,201.07 ",$88.04 ,,,
12,Humboldt,202004,1605,,,4232,"$139,533.47 ",$86.94 ,,,
12,Humboldt,202005,1599,,,4038,"$132,317.74 ",$82.75 ,,,
12,Humboldt,202006,1573,,,4113,"$125,146.40 ",$79.56 ,,,
12,Humboldt,202007,1594,,,4255,"$127,341.28 ",$79.89 ,,,
12,Humboldt,202008,1588,,,4166,"$124,981.72 ",$78.70 ,,,
12,Humboldt,202009,1565,,,4160,"$124,461.18 ",$79.53 ,,,
12,Humboldt,202010,1565,,,4221,"$120,856.29 ",$77.22 ,,,
12,Humboldt,202011,1555,,,4159,"$120,871.49 ",$77.73 ,,,
12,Humboldt,202012,1542,,,4144,"$122,294.94 ",$79.31 ,,,
13,Imperial,2019,7052,208124,"$4,446,243.64 ",17763,"$553,761.47 ",$709.02 ,,,
13,Imperial,201901,4292,20707,"$440,797.74 ",,,$102.70 ,,,
13,Imperial,201902,4224,20212,"$433,736.72 ",,,$102.68 ,,,
13,Imperial,201903,4137,19590,"$418,699.43 ",,,$101.21 ,,,
13,Imperial,201904,4140,19577,"$421,469.37 ",,,$101.80 ,,,
13,Imperial,201905,4157,19741,"$425,109.37 ",,,$102.26 ,,,
13,Imperial,201906,4120,19568,"$422,517.35 ",,,$102.55 ,,,
13,Imperial,201907,4240,20411,"$432,944.68 ",,,$102.11 ,,,
13,Imperial,201908,4275,20555,"$432,844.69 ",,,$101.25 ,,,
13,Imperial,201909,4004,19437,"$414,217.89 ",1,$17.13 ,$103.46 ,,,
13,Imperial,201910,3984,16803,"$360,067.24 ",1543,"$43,052.68 ",$101.18 ,,,
13,Imperial,201911,3776,9190,"$195,128.43 ",6188,"$192,759.52 ",$102.72 ,,,
13,Imperial,201912,3504,2333,"$48,710.73 ",10031,"$317,932.14 ",$104.64 ,,,
13,Imperial,2020,5932,1633,"$36,817.92 ",119818,"$4,254,784.93 ",$723.47 ,,,
13,Imperial,202001,3675,484,"$11,115.29 ",12094,"$380,378.35 ",$106.53 ,,,
13,Imperial,202002,3542,506,"$11,066.67 ",11281,"$362,037.93 ",$105.34 ,,,
13,Imperial,202003,3707,367,"$8,541.30 ",11578,"$391,358.39 ",$107.88 ,,,
13,Imperial,202004,3684,196,"$4,653.11 ",10038,"$380,031.70 ",$104.42 ,,,
13,Imperial,202005,3644,80,"$1,441.55 ",9522,"$362,929.88 ",$99.99 ,,,
13,Imperial,202006,3534,,,9207,"$346,485.10 ",$98.04 ,,,
13,Imperial,202007,3529,,,9291,"$343,573.35 ",$97.36 ,,,
13,Imperial,202008,3450,,,9102,"$330,667.77 ",$95.85 ,,,
13,Imperial,202009,3507,,,9098,"$336,500.18 ",$95.95 ,,,
13,Imperial,202010,3529,,,9469,"$339,426.78 ",$96.18 ,,,
13,Imperial,202011,3554,,,9566,"$339,766.44 ",$95.60 ,,,
13,Imperial,202012,3532,,,9572,"$341,629.06 ",$96.72 ,,,
14,Inyo,2019,421,9232,"$189,479.68 ",1918,"$60,370.04 ",$593.47 ,,,
14,Inyo,201901, - , - , - , - , - , - ,,,
14,Inyo,201902, - , - , - , - , - , - ,,,
14,Inyo,201903, - , - , - , - , - , - ,,,
14,Inyo,201904, - , - , - , - , - , - ,,,
14,Inyo,201905, - , - , - , - , - , - ,,,
14,Inyo,201906, - , - , - , - , - , - ,,,
14,Inyo,201907, - , - , - , - , - , - ,,,
14,Inyo,201908,224,1042,"$22,929.10 ",,,$102.36 ,,,
14,Inyo,201909,210,818,"$18,575.28 ",106,"$3,334.61 ",$104.33 ,,,
14,Inyo,201910,228,158,"$3,665.29 ",584,"$17,023.28 ",$90.74 ,,,
14,Inyo,201911,221,9,$131.61 ,603,"$19,984.83 ",$91.02 ,,,
14,Inyo,201912,219,,,625,"$20,027.32 ",$91.45 ,,,
14,Inyo,2020,390,10,$297.66 ,6533,"$204,099.43 ",$524.10 ,,,
14,Inyo,202001,213,5,$93.72 ,668,"$20,344.94 ",$95.96 ,,,
14,Inyo,202002,216,5,$203.94 ,604,"$19,332.14 ",$90.44 ,,,
14,Inyo,202003,218,,,611,"$20,620.11 ",$94.59 ,,,
14,Inyo,202004,220,,,580,"$19,343.63 ",$87.93 ,,,
14,Inyo,202005,194,,,511,"$16,698.84 ",$86.08 ,,,
14,Inyo,202006,200,,,464,"$15,523.29 ",$77.62 ,,,
14,Inyo,202007,200,,,536,"$15,255.84 ",$76.28 ,,,
14,Inyo,202008,189,,,511,"$15,154.25 ",$80.18 ,,,
14,Inyo,202009,187,,,495,"$15,515.65 ",$82.97 ,,,
14,Inyo,202010,195,,,556,"$15,811.07 ",$81.08 ,,,
14,Inyo,202011,181,,,500,"$15,226.78 ",$84.13 ,,,
14,Inyo,202012,183,,,497,"$15,272.89 ",$83.46 ,,,
15,Kern,2019,41305,1614799,"$33,871,171.12 ",146,"$3,760.02 ",$820.12 ,,,
15,Kern,201901,27109,137824,"$2,873,333.31 ",,,$105.99 ,,,
15,Kern,201902,26981,136902,"$2,859,986.55 ",,,$106.00 ,,,
15,Kern,201903,26844,135013,"$2,828,915.27 ",,,$105.38 ,,,
15,Kern,201904,26880,136639,"$2,845,789.09 ",,,$105.87 ,,,
15,Kern,201905,26975,136489,"$2,851,007.34 ",,,$105.69 ,,,
15,Kern,201906,26835,136387,"$2,846,090.34 ",,,$106.06 ,,,
15,Kern,201907,27034,137345,"$2,862,578.04 ",,,$105.89 ,,,
15,Kern,201908,26953,135586,"$2,832,760.89 ",,,$105.10 ,,,
15,Kern,201909,26592,134507,"$2,822,979.34 ",10,$209.83 ,$106.17 ,,,
15,Kern,201910,26449,132292,"$2,801,617.30 ",7,$217.55 ,$105.93 ,,,
15,Kern,201911,25929,129575,"$2,746,776.21 ",32,$933.12 ,$105.97 ,,,
15,Kern,201912,25216,126240,"$2,699,337.44 ",97,"$2,399.52 ",$107.14 ,,,
15,Kern,2020,38297,289755,"$6,125,245.19 ",614248,"$25,698,877.54 ",$830.98 ,,,
15,Kern,202001,25701,129963,"$2,775,419.06 ",208,"$6,139.96 ",$108.23 ,,,
15,Kern,202002,24454,102520,"$2,173,723.47 ",12990,"$477,297.09 ",$108.41 ,,,
15,Kern,202003,23892,47419,"$971,998.69 ",42822,"$1,724,676.19 ",$112.87 ,,,
15,Kern,202004,23737,9845,"$203,794.39 ",55128,"$2,418,725.23 ",$110.48 ,,,
15,Kern,202005,24434,8,$309.58 ,60980,"$2,616,637.19 ",$107.10 ,,,
15,Kern,202006,24824,,,61616,"$2,630,828.88 ",$105.98 ,,,
15,Kern,202007,25323,,,63687,"$2,671,537.24 ",$105.50 ,,,
15,Kern,202008,25282,,,63147,"$2,647,959.18 ",$104.74 ,,,
15,Kern,202009,25144,,,62118,"$2,623,898.39 ",$104.35 ,,,
15,Kern,202010,25346,,,64478,"$2,631,493.90 ",$103.82 ,,,
15,Kern,202011,25300,,,63672,"$2,623,950.78 ",$103.71 ,,,
15,Kern,202012,25246,,,63402,"$2,625,733.51 ",$104.01 ,,,
16,Kings,2019,7240,259277,"$5,316,183.10 ",39,$776.65 ,$734.39 ,,,
16,Kings,201901,4521,22453,"$468,028.52 ",,,$103.52 ,,,
16,Kings,201902,4449,22149,"$457,433.77 ",,,$102.82 ,,,
16,Kings,201903,4445,21927,"$451,653.00 ",,,$101.61 ,,,
16,Kings,201904,4504,22104,"$455,066.61 ",,,$101.04 ,,,
16,Kings,201905,4472,21873,"$450,766.99 ",,,$100.80 ,,,
16,Kings,201906,4473,21993,"$448,032.94 ",,,$100.16 ,,,
16,Kings,201907,4392,21849,"$443,277.73 ",,,$100.93 ,,,
16,Kings,201908,4423,21800,"$441,351.21 ",,,$99.79 ,,,
16,Kings,201909,4299,21416,"$431,999.43 ",5,$82.35 ,$100.51 ,,,
16,Kings,201910,4297,21133,"$430,638.69 ",5,$189.65 ,$100.26 ,,,
16,Kings,201911,4214,20633,"$426,798.84 ",15,$204.69 ,$101.33 ,,,
16,Kings,201912,4049,19947,"$411,135.37 ",14,$299.96 ,$101.61 ,,,
16,Kings,2020,7104,47469,"$980,096.17 ",107661,"$4,068,784.16 ",$710.71 ,,,
16,Kings,202001,4144,20653,"$423,716.42 ",11,$306.73 ,$102.32 ,,,
16,Kings,202002,3833,16341,"$345,273.92 ",1665,"$51,144.64 ",$103.42 ,,,
16,Kings,202003,3831,8229,"$166,459.71 ",6495,"$234,584.74 ",$104.68 ,,,
16,Kings,202004,3975,2201,"$43,648.93 ",9337,"$366,583.47 ",$103.20 ,,,
16,Kings,202005,4111,45,$997.19 ,10375,"$411,998.72 ",$100.46 ,,,
16,Kings,202006,4210,,,10907,"$412,325.59 ",$97.94 ,,,
16,Kings,202007,4355,,,11395,"$429,645.54 ",$98.66 ,,,
16,Kings,202008,4367,,,11554,"$426,577.62 ",$97.68 ,,,
16,Kings,202009,4414,,,11330,"$429,693.68 ",$97.35 ,,,
16,Kings,202010,4431,,,11575,"$438,383.93 ",$98.94 ,,,
16,Kings,202011,4448,,,11597,"$435,797.88 ",$97.98 ,,,
16,Kings,202012,4426,,,11420,"$431,741.62 ",$97.55 ,,,
17,Lake,2019,2279,53639,"$1,083,064.07 ",13536,"$371,039.81 ",$638.04 ,,,
17,Lake,201901,1327,6313,"$128,966.92 ",,,$97.19 ,,,
17,Lake,201902,1290,6235,"$126,132.79 ",,,$97.78 ,,,
17,Lake,201903,1302,6256,"$126,479.56 ",,,$97.14 ,,,
17,Lake,201904,1266,6201,"$125,943.17 ",,,$99.48 ,,,
17,Lake,201905,1323,6514,"$131,497.28 ",,,$99.39 ,,,
17,Lake,201906,1325,6448,"$129,785.41 ",,,$97.95 ,,,
17,Lake,201907,1309,6410,"$128,397.62 ",2,$90.63 ,$98.16 ,,,
17,Lake,201908,1223,5874,"$119,227.97 ",9,$208.46 ,$97.66 ,,,
17,Lake,201909,1123,2700,"$53,703.00 ",2320,"$57,081.07 ",$98.65 ,,,
17,Lake,201910,1070,662,"$12,234.65 ",3406,"$91,495.23 ",$96.94 ,,,
17,Lake,201911,1131,7,$108.29 ,3797,"$109,571.98 ",$96.98 ,,,
17,Lake,201912,1152,19,$587.41 ,4002,"$112,592.44 ",$98.25 ,,,
17,Lake,2020,2021,7,$119.34 ,40235,"$1,327,819.61 ",$657.07 ,,,
17,Lake,202001,1221,7,$119.34 ,4118,"$116,516.12 ",$95.52 ,,,
17,Lake,202002,1163,,,3707,"$108,720.80 ",$93.48 ,,,
17,Lake,202003,1239,,,3691,"$115,989.18 ",$93.62 ,,,
17,Lake,202004,1234,,,3337,"$114,045.35 ",$92.42 ,,,
17,Lake,202005,1285,,,3315,"$116,170.14 ",$90.40 ,,,
17,Lake,202006,1251,,,3198,"$110,977.13 ",$88.71 ,,,
17,Lake,202007,1219,,,3203,"$108,067.61 ",$88.65 ,,,
17,Lake,202008,1165,,,2971,"$104,297.58 ",$89.53 ,,,
17,Lake,202009,1212,,,3146,"$107,367.88 ",$88.59 ,,,
17,Lake,202010,1235,,,3156,"$107,740.93 ",$87.24 ,,,
17,Lake,202011,1250,,,3198,"$109,183.57 ",$87.35 ,,,
17,Lake,202012,1215,,,3195,"$108,743.32 ",$89.50 ,,,
18,Lassen,2019,529,14770,"$295,447.08 ",41,$756.26 ,$559.93 ,,,
18,Lassen,201901,274,1432,"$28,103.48 ",,,$102.57 ,,,
18,Lassen,201902,232,1263,"$23,987.68 ",,,$103.40 ,,,
18,Lassen,201903,223,1168,"$22,502.15 ",,,$100.91 ,,,
18,Lassen,201904,218,1128,"$22,717.27 ",,,$104.21 ,,,
18,Lassen,201905,240,1277,"$24,984.35 ",,,$104.10 ,,,
18,Lassen,201906,234,1254,"$24,332.01 ",,,$103.98 ,,,
18,Lassen,201907,260,1344,"$26,906.90 ",,,$103.49 ,,,
18,Lassen,201908,243,1234,"$25,210.82 ",,,$103.75 ,,,
18,Lassen,201909,231,1225,"$24,402.94 ",3,$37.54 ,$105.80 ,,,
18,Lassen,201910,239,1187,"$24,380.09 ",6,$87.71 ,$102.38 ,,,
18,Lassen,201911,226,1089,"$23,022.82 ",15,$301.33 ,$103.20 ,,,
18,Lassen,201912,225,1169,"$24,896.57 ",17,$329.68 ,$112.12 ,,,
18,Lassen,2020,466,4271,"$91,789.27 ",4935,"$178,628.81 ",$580.30 ,,,
18,Lassen,202001,243,1294,"$27,106.77 ",17,$414.37 ,$113.26 ,,,
18,Lassen,202002,225,1142,"$24,931.32 ",18,$763.62 ,$114.20 ,,,
18,Lassen,202003,213,1002,"$21,811.02 ",50,"$1,639.82 ",$110.10 ,,,
18,Lassen,202004,206,570,"$12,144.05 ",286,"$9,362.27 ",$104.40 ,,,
18,Lassen,202005,195,263,"$5,796.11 ",423,"$15,012.44 ",$106.71 ,,,
18,Lassen,202006,190,,,542,"$19,867.71 ",$104.57 ,,,
18,Lassen,202007,205,,,564,"$20,122.91 ",$98.16 ,,,
18,Lassen,202008,208,,,584,"$21,244.79 ",$102.14 ,,,
18,Lassen,202009,230,,,616,"$23,404.38 ",$101.76 ,,,
18,Lassen,202010,230,,,602,"$22,464.72 ",$97.67 ,,,
18,Lassen,202011,235,,,632,"$22,161.70 ",$94.31 ,,,
18,Lassen,202012,224,,,601,"$22,170.08 ",$98.97 ,,,
19,Los Angeles,2019,269301,9593339,"$196,881,445.73 ",112549,"$3,883,319.50 ",$745.50 ,,,
19,Los Angeles,201901,177191,856927,"$17,558,353.08 ",,,$99.09 ,,,
19,Los Angeles,201902,175612,851416,"$17,372,925.92 ",,,$98.93 ,,,
19,Los Angeles,201903,173048,830665,"$17,020,908.16 ",,,$98.36 ,,,
19,Los Angeles,201904,172156,833647,"$17,038,220.98 ",,,$98.97 ,,,
19,Los Angeles,201905,172909,833407,"$17,057,854.09 ",,,$98.65 ,,,
19,Los Angeles,201906,171864,830682,"$16,944,855.24 ",,,$98.59 ,,,
19,Los Angeles,201907,173961,838224,"$17,100,739.24 ",,,$98.30 ,,,
19,Los Angeles,201908,172227,826446,"$16,902,365.36 ",14,$170.84 ,$98.14 ,,,
19,Los Angeles,201909,168309,811876,"$16,662,021.97 ",21,$360.77 ,$99.00 ,,,
19,Los Angeles,201910,165508,789807,"$16,351,765.14 ",77,"$1,760.02 ",$98.81 ,,,
19,Los Angeles,201911,156613,725335,"$15,139,092.26 ",14761,"$501,168.15 ",$99.87 ,,,
19,Los Angeles,201912,148347,564907,"$11,732,344.29 ",97676,"$3,379,859.72 ",$101.87 ,,,
19,Los Angeles,2020,240405,578812,"$11,687,492.73 ",4807189,"$183,332,879.88 ",$811.22 ,,,
19,Los Angeles,202001,153181,375722,"$7,688,373.84 ",242175,"$8,064,409.19 ",$102.84 ,,,
19,Los Angeles,202002,148907,156192,"$3,093,878.69 ",362190,"$12,378,147.83 ",$103.90 ,,,
19,Los Angeles,202003,155258,44449,"$847,834.83 ",423029,"$15,639,828.97 ",$106.20 ,,,
19,Los Angeles,202004,162027,1828,"$43,011.83 ",413345,"$16,733,930.00 ",$103.54 ,,,
19,Los Angeles,202005,163995,621,"$14,393.54 ",416648,"$16,505,410.29 ",$100.73 ,,,
19,Los Angeles,202006,165302,,,415787,"$16,510,690.21 ",$99.88 ,,,
19,Los Angeles,202007,167457,,,427766,"$16,633,799.04 ",$99.33 ,,,
19,Los Angeles,202008,167390,,,428030,"$16,464,919.64 ",$98.36 ,,,
19,Los Angeles,202009,166014,,,421032,"$16,224,497.75 ",$97.73 ,,,
19,Los Angeles,202010,166031,,,426360,"$16,182,719.32 ",$97.47 ,,,
19,Los Angeles,202011,164647,,,415822,"$15,993,247.77 ",$97.14 ,,,
19,Los Angeles,202012,164461,,,415005,"$16,001,279.87 ",$97.30 ,,,
20,Madera,2019,7581,292784,"$5,675,541.66 ",38,$861.51 ,$748.77 ,,,
20,Madera,201901,4997,25555,"$490,470.80 ",,,$98.15 ,,,
20,Madera,201902,4924,25108,"$483,161.35 ",,,$98.12 ,,,
20,Madera,201903,4891,24839,"$478,450.00 ",,,$97.82 ,,,
20,Madera,201904,4856,24908,"$479,005.72 ",,,$98.64 ,,,
20,Madera,201905,4825,24468,"$468,774.47 ",,,$97.16 ,,,
20,Madera,201906,4785,24368,"$472,903.76 ",,,$98.83 ,,,
20,Madera,201907,4736,24013,"$466,741.09 ",,,$98.55 ,,,
20,Madera,201908,4821,24424,"$473,592.47 ",,,$98.24 ,,,
20,Madera,201909,4755,24238,"$470,385.46 ",11,$199.31 ,$98.97 ,,,
20,Madera,201910,4697,23810,"$466,001.69 ",7,$202.21 ,$99.26 ,,,
20,Madera,201911,4721,23882,"$467,834.16 ",9,$135.54 ,$99.13 ,,,
20,Madera,201912,4599,23171,"$458,220.69 ",11,$324.45 ,$99.71 ,,,
20,Madera,2020,7424,69911,"$1,366,085.43 ",85703,"$4,101,571.86 ",$736.48 ,,,
20,Madera,202001,4759,24005,"$469,527.80 ",18,$319.61 ,$98.73 ,,,
20,Madera,202002,4608,23482,"$460,490.23 ",24,$628.20 ,$100.07 ,,,
20,Madera,202003,4239,14559,"$285,827.00 ",3377,"$155,070.67 ",$104.01 ,,,
20,Madera,202004,4243,6865,"$130,106.92 ",6127,"$314,672.43 ",$104.83 ,,,
20,Madera,202005,4159,1000,"$20,133.48 ",8382,"$418,138.39 ",$105.38 ,,,
20,Madera,202006,4317,,,9256,"$447,935.95 ",$103.76 ,,,
20,Madera,202007,4375,,,9690,"$455,956.43 ",$104.22 ,,,
20,Madera,202008,4379,,,9722,"$453,698.79 ",$103.61 ,,,
20,Madera,202009,4349,,,9503,"$458,326.53 ",$105.39 ,,,
20,Madera,202010,4375,,,9789,"$461,308.42 ",$105.44 ,,,
20,Madera,202011,4400,,,9787,"$458,638.21 ",$104.24 ,,,
20,Madera,202012,4509,,,10028,"$476,878.23 ",$105.76 ,,,
21,Marin,2019,2529,59580,"$996,221.16 ",9981,"$328,656.73 ",$523.87 ,,,
21,Marin,201901,1455,6898,"$115,791.34 ",,,$79.58 ,,,
21,Marin,201902,1481,6994,"$116,403.67 ",,,$78.60 ,,,
21,Marin,201903,1545,7257,"$119,661.54 ",,,$77.45 ,,,
21,Marin,201904,1501,7075,"$117,682.93 ",,,$78.40 ,,,
21,Marin,201905,1514,7211,"$121,030.55 ",,,$79.94 ,,,
21,Marin,201906,1471,7059,"$117,434.53 ",,,$79.83 ,,,
21,Marin,201907,1438,6880,"$115,691.60 ",1,$44.51 ,$80.48 ,,,
21,Marin,201908,1360,6240,"$105,902.45 ",2,$31.34 ,$77.89 ,,,
21,Marin,201909,1233,2887,"$48,546.89 ",1651,"$50,717.84 ",$80.51 ,,,
21,Marin,201910,1224,1072,"$17,830.82 ",2528,"$79,933.26 ",$79.87 ,,,
21,Marin,201911,1169,7,$244.84 ,2929,"$97,870.74 ",$83.93 ,,,
21,Marin,201912,1153,,,2870,"$100,059.04 ",$86.78 ,,,
21,Marin,2020,2309,6,$196.51 ,37789,"$1,387,544.83 ",$601.01 ,,,
21,Marin,202001,1312,,,3339,"$115,634.53 ",$88.14 ,,,
21,Marin,202002,1291,6,$196.51 ,3162,"$109,370.55 ",$84.87 ,,,
21,Marin,202003,1360,,,3194,"$117,886.85 ",$86.68 ,,,
21,Marin,202004,1412,,,3101,"$121,457.44 ",$86.02 ,,,
21,Marin,202005,1396,,,3108,"$115,155.00 ",$82.49 ,,,
21,Marin,202006,1397,,,2997,"$115,915.24 ",$82.97 ,,,
21,Marin,202007,1415,,,3092,"$117,643.18 ",$83.14 ,,,
21,Marin,202008,1385,,,3106,"$112,256.90 ",$81.05 ,,,
21,Marin,202009,1412,,,3091,"$113,876.28 ",$80.65 ,,,
21,Marin,202010,1435,,,3151,"$115,428.71 ",$80.44 ,,,
21,Marin,202011,1454,,,3271,"$114,894.44 ",$79.02 ,,,
21,Marin,202012,1441,,,3177,"$118,025.71 ",$81.91 ,,,
22,Mariposa,2019, - , - , - , - , - , - ,,,
22,Mariposa,201901, - , - , - , - , - , - ,,,
22,Mariposa,201902, - , - , - , - , - , - ,,,
22,Mariposa,201903, - , - , - , - , - , - ,,,
22,Mariposa,201904, - , - , - , - , - , - ,,,
22,Mariposa,201905, - , - , - , - , - , - ,,,
22,Mariposa,201906, - , - , - , - , - , - ,,,
22,Mariposa,201907, - , - , - , - , - , - ,,,
22,Mariposa,201908, - , - , - , - , - , - ,,,
22,Mariposa,201909, - , - , - , - , - , - ,,,
22,Mariposa,201910, - , - , - , - , - , - ,,,
22,Mariposa,201911, - , - , - , - , - , - ,,,
22,Mariposa,201912, - , - , - , - , - , - ,,,
22,Mariposa,2020, - , - , - , - , - , - ,,,
22,Mariposa,202001, - , - , - , - , - , - ,,,
22,Mariposa,202002, - , - , - , - , - , - ,,,
22,Mariposa,202003, - , - , - , - , - , - ,,,
22,Mariposa,202004, - , - , - , - , - , - ,,,
22,Mariposa,202005, - , - , - , - , - , - ,,,
22,Mariposa,202006, - , - , - , - , - , - ,,,
22,Mariposa,202007, - , - , - , - , - , - ,,,
22,Mariposa,202008, - , - , - , - , - , - ,,,
22,Mariposa,202009, - , - , - , - , - , - ,,,
22,Mariposa,202010, - , - , - , - , - , - ,,,
22,Mariposa,202011, - , - , - , - , - , - ,,,
22,Mariposa,202012, - , - , - , - , - , - ,,,
23,Mendocino,2019,2399,51740,"$1,011,095.62 ",12861,"$357,948.82 ",$570.67 ,,,
23,Mendocino,201901,1342,6308,"$122,147.18 ",,,$91.02 ,,,
23,Mendocino,201902,1304,6249,"$124,184.80 ",,,$95.23 ,,,
23,Mendocino,201903,1324,6161,"$122,209.78 ",,,$92.30 ,,,
23,Mendocino,201904,1307,6256,"$122,088.30 ",,,$93.41 ,,,
23,Mendocino,201905,1314,6140,"$119,742.04 ",,,$91.13 ,,,
23,Mendocino,201906,1295,6090,"$119,319.21 ",,,$92.14 ,,,
23,Mendocino,201907,1278,6087,"$118,643.66 ",,,$92.84 ,,,
23,Mendocino,201908,1269,6015,"$116,170.97 ",2,$7.36 ,$91.55 ,,,
23,Mendocino,201909,1141,2073,"$40,600.60 ",2478,"$63,866.57 ",$91.56 ,,,
23,Mendocino,201910,1160,320,"$5,346.39 ",3490,"$97,185.13 ",$88.39 ,,,
23,Mendocino,201911,1119,23,$331.65 ,3514,"$99,034.32 ",$88.80 ,,,
23,Mendocino,201912,1071,18,$311.04 ,3377,"$97,855.44 ",$91.66 ,,,
23,Mendocino,2020,2183,44,$572.72 ,39507,"$1,210,794.85 ",$554.91 ,,,
23,Mendocino,202001,1195,9,$115.29 ,3852,"$106,223.35 ",$88.99 ,,,
23,Mendocino,202002,1122,4,$50.18 ,3553,"$100,321.68 ",$89.46 ,,,
23,Mendocino,202003,1184,19,$239.68 ,3485,"$100,521.18 ",$85.10 ,,,
23,Mendocino,202004,1246,12,$167.57 ,3252,"$103,125.45 ",$82.90 ,,,
23,Mendocino,202005,1192,,,3106,"$98,505.53 ",$82.64 ,,,
23,Mendocino,202006,1243,,,3175,"$99,341.89 ",$79.92 ,,,
23,Mendocino,202007,1237,,,3224,"$103,287.42 ",$83.50 ,,,
23,Mendocino,202008,1222,,,3232,"$102,122.45 ",$83.57 ,,,
23,Mendocino,202009,1249,,,3165,"$100,175.55 ",$80.20 ,,,
23,Mendocino,202010,1255,,,3177,"$99,976.17 ",$79.66 ,,,
23,Mendocino,202011,1259,,,3181,"$99,639.83 ",$79.14 ,,,
23,Mendocino,202012,1232,,,3105,"$97,554.35 ",$79.18 ,,,
24,Merced,2019,13608,521841,"$9,956,765.80 ",205,"$6,321.41 ",$732.15 ,,,
24,Merced,201901,8822,44782,"$869,565.32 ",,,$98.57 ,,,
24,Merced,201902,8729,44093,"$859,783.24 ",,,$98.50 ,,,
24,Merced,201903,8658,43517,"$843,595.91 ",,,$97.44 ,,,
24,Merced,201904,8784,44836,"$844,878.49 ",,,$96.18 ,,,
24,Merced,201905,8873,44960,"$847,184.81 ",,,$95.48 ,,,
24,Merced,201906,8746,44481,"$837,878.57 ",,,$95.80 ,,,
24,Merced,201907,8795,44598,"$840,716.74 ",,,$95.59 ,,,
24,Merced,201908,8783,43744,"$822,436.60 ",,,$93.64 ,,,
24,Merced,201909,8586,42930,"$809,388.77 ",19,$471.54 ,$94.32 ,,,
24,Merced,201910,8496,42129,"$802,154.64 ",62,"$1,737.79 ",$94.62 ,,,
24,Merced,201911,8218,41058,"$792,310.00 ",53,"$2,041.66 ",$96.66 ,,,
24,Merced,201912,8151,40713,"$786,872.71 ",71,"$2,070.42 ",$96.79 ,,,
24,Merced,2020,13083,114640,"$2,241,263.94 ",176907,"$7,062,848.30 ",$711.16 ,,,
24,Merced,202001,8334,41963,"$809,112.01 ",94,"$3,083.52 ",$97.46 ,,,
24,Merced,202002,7981,40191,"$781,539.87 ",120,"$4,436.87 ",$98.48 ,,,
24,Merced,202003,7243,23103,"$463,920.80 ",6655,"$273,029.76 ",$101.75 ,,,
24,Merced,202004,7262,8162,"$163,136.85 ",13283,"$579,566.54 ",$102.27 ,,,
24,Merced,202005,7667,1221,"$23,554.41 ",17717,"$729,088.25 ",$98.17 ,,,
24,Merced,202006,7920,,,19154,"$763,172.01 ",$96.36 ,,,
24,Merced,202007,8127,,,20138,"$784,901.33 ",$96.58 ,,,
24,Merced,202008,8200,,,20098,"$781,758.34 ",$95.34 ,,,
24,Merced,202009,8081,,,19367,"$771,734.92 ",$95.50 ,,,
24,Merced,202010,8203,,,20188,"$785,062.16 ",$95.70 ,,,
24,Merced,202011,8298,,,20167,"$795,549.53 ",$95.87 ,,,
24,Merced,202012,8272,,,19926,"$791,465.07 ",$95.68 ,,,
25,Modoc,2019,146,4653,"$101,761.42 ",19,$464.05 ,$700.17 ,,,
25,Modoc,201901,81,415,"$8,491.90 ",,,$104.84 ,,,
25,Modoc,201902,70,333,"$6,884.51 ",,,$98.35 ,,,
25,Modoc,201903,68,345,"$6,579.86 ",,,$96.76 ,,,
25,Modoc,201904,76,390,"$8,033.98 ",,,$105.71 ,,,
25,Modoc,201905,75,386,"$7,993.02 ",,,$106.57 ,,,
25,Modoc,201906,86,417,"$9,543.75 ",,,$110.97 ,,,
25,Modoc,201907,78,410,"$9,064.24 ",,,$116.21 ,,,
25,Modoc,201908,78,408,"$9,592.77 ",,,$122.98 ,,,
25,Modoc,201909,73,370,"$8,066.27 ",,,$110.50 ,,,
25,Modoc,201910,76,403,"$8,819.17 ",2,$109.33 ,$117.48 ,,,
25,Modoc,201911,78,405,"$9,501.64 ",6,$111.31 ,$123.24 ,,,
25,Modoc,201912,75,371,"$9,190.31 ",11,$243.41 ,$125.78 ,,,
25,Modoc,2020,144,1327,"$31,174.52 ",1551,"$53,024.43 ",$584.71 ,,,
25,Modoc,202001,67,363,"$8,850.43 ",10,$263.55 ,$136.03 ,,,
25,Modoc,202002,74,368,"$8,947.02 ",4,$82.39 ,$122.02 ,,,
25,Modoc,202003,72,361,"$8,427.74 ",5,$178.89 ,$119.54 ,,,
25,Modoc,202004,67,177,"$3,908.64 ",80,"$3,944.09 ",$117.20 ,,,
25,Modoc,202005,63,58,"$1,040.69 ",166,"$5,602.09 ",$105.44 ,,,
25,Modoc,202006,64,,,162,"$7,175.82 ",$112.12 ,,,
25,Modoc,202007,61,,,177,"$5,895.99 ",$96.66 ,,,
25,Modoc,202008,70,,,185,"$6,304.61 ",$90.07 ,,,
25,Modoc,202009,67,,,191,"$5,952.21 ",$88.84 ,,,
25,Modoc,202010, - , - , - , - , - , - ,,,
25,Modoc,202011,67,,,185,"$5,343.14 ",$79.75 ,,,
25,Modoc,202012,71,,,191,"$5,959.82 ",$83.94 ,,,
26,Mono,2019, - , - , - , - , - , - ,,,
26,Mono,201901, - , - , - , - , - , - ,,,
26,Mono,201902, - , - , - , - , - , - ,,,
26,Mono,201903, - , - , - , - , - , - ,,,
26,Mono,201904, - , - , - , - , - , - ,,,
26,Mono,201905, - , - , - , - , - , - ,,,
26,Mono,201906, - , - , - , - , - , - ,,,
26,Mono,201907, - , - , - , - , - , - ,,,
26,Mono,201908, - , - , - , - , - , - ,,,
26,Mono,201909, - , - , - , - , - , - ,,,
26,Mono,201910, - , - , - , - , - , - ,,,
26,Mono,201911, - , - , - , - , - , - ,,,
26,Mono,201912, - , - , - , - , - , - ,,,
26,Mono,2020, - , - , - , - , - , - ,,,
26,Mono,202001, - , - , - , - , - , - ,,,
26,Mono,202002, - , - , - , - , - , - ,,,
26,Mono,202003, - , - , - , - , - , - ,,,
26,Mono,202004, - , - , - , - , - , - ,,,
26,Mono,202005, - , - , - , - , - , - ,,,
26,Mono,202006, - , - , - , - , - , - ,,,
26,Mono,202007, - , - , - , - , - , - ,,,
26,Mono,202008, - , - , - , - , - , - ,,,
26,Mono,202009, - , - , - , - , - , - ,,,
26,Mono,202010, - , - , - , - , - , - ,,,
26,Mono,202011, - , - , - , - , - , - ,,,
26,Mono,202012, - , - , - , - , - , - ,,,
27,Monterey,2019,15858,606701,"$11,710,590.88 ",130,"$2,330.34 ",$738.61 ,,,
27,Monterey,201901,10880,54958,"$1,027,290.47 ",,,$94.42 ,,,
27,Monterey,201902,10957,55369,"$1,037,047.73 ",,,$94.65 ,,,
27,Monterey,201903,10754,53459,"$1,013,523.06 ",,,$94.25 ,,,
27,Monterey,201904,10646,52700,"$1,008,537.82 ",,,$94.73 ,,,
27,Monterey,201905,10340,51021,"$986,534.50 ",,,$95.41 ,,,
27,Monterey,201906,10131,50297,"$976,679.46 ",,,$96.41 ,,,
27,Monterey,201907,10134,50012,"$977,846.54 ",,,$96.49 ,,,
27,Monterey,201908,10048,48843,"$959,066.02 ",2,$70.69 ,$95.46 ,,,
27,Monterey,201909,9713,47897,"$943,330.13 ",4,$51.68 ,$97.13 ,,,
27,Monterey,201910,9783,48163,"$951,502.15 ",30,$582.57 ,$97.32 ,,,
27,Monterey,201911,9572,47421,"$924,034.49 ",37,$613.29 ,$96.60 ,,,
27,Monterey,201912,9427,46561,"$905,198.51 ",57,"$1,012.11 ",$96.13 ,,,
27,Monterey,2020,14016,111173,"$2,137,549.02 ",173364,"$8,435,360.83 ",$754.35 ,,,
27,Monterey,202001,9601,47845,"$925,393.46 ",34,"$1,200.87 ",$96.51 ,,,
27,Monterey,202002,9071,38382,"$737,778.29 ",3561,"$144,812.31 ",$97.30 ,,,
27,Monterey,202003,8499,19256,"$365,678.94 ",10791,"$501,182.63 ",$102.00 ,,,
27,Monterey,202004,8252,5673,"$108,287.67 ",15309,"$758,506.83 ",$105.04 ,,,
27,Monterey,202005,8209,17,$410.66 ,17560,"$857,928.86 ",$104.56 ,,,
27,Monterey,202006,8273,,,17569,"$864,465.00 ",$104.49 ,,,
27,Monterey,202007,8365,,,17852,"$876,305.45 ",$104.76 ,,,
27,Monterey,202008,8543,,,18229,"$888,622.03 ",$104.02 ,,,
27,Monterey,202009,8544,,,18000,"$888,641.90 ",$104.01 ,,,
27,Monterey,202010,8687,,,18425,"$890,640.82 ",$102.53 ,,,
27,Monterey,202011,8535,,,17932,"$881,958.25 ",$103.33 ,,,
27,Monterey,202012,8553,,,18102,"$881,095.88 ",$103.02 ,,,
28,Napa,2019,2999,33930,"$653,452.86 ",24779,"$636,797.83 ",$430.23 ,,,
28,Napa,201901,1464,6115,"$118,222.12 ",,,$80.75 ,,,
28,Napa,201902,1434,6072,"$115,782.62 ",,,$80.74 ,,,
28,Napa,201903,1368,5885,"$111,495.10 ",,,$81.50 ,,,
28,Napa,201904,1321,5803,"$111,691.83 ",,,$84.55 ,,,
28,Napa,201905,1341,5797,"$113,913.33 ",,,$84.95 ,,,
28,Napa,201906,1251,2863,"$55,291.75 ",2010,"$47,643.84 ",$82.28 ,,,
28,Napa,201907,1279,1050,"$19,216.45 ",3309,"$84,814.62 ",$81.34 ,,,
28,Napa,201908,1285,170,"$3,721.65 ",4079,"$101,005.74 ",$81.50 ,,,
28,Napa,201909,1234,123,"$2,738.23 ",3885,"$96,651.06 ",$80.54 ,,,
28,Napa,201910,1269,24,$616.90 ,3963,"$102,076.69 ",$80.92 ,,,
28,Napa,201911,1260,11,$280.88 ,3752,"$101,389.24 ",$80.69 ,,,
28,Napa,201912,1266,17,$482.00 ,3781,"$103,216.64 ",$81.91 ,,,
28,Napa,2020,2915,17,$403.89 ,43483,"$1,310,172.45 ",$449.60 ,,,
28,Napa,202001,1279,8,$127.57 ,3941,"$107,769.58 ",$84.36 ,,,
28,Napa,202002,1314,6,$70.76 ,3874,"$107,194.09 ",$81.63 ,,,
28,Napa,202003,1319,3,$205.56 ,3819,"$107,200.10 ",$81.43 ,,,
28,Napa,202004,1390,,,3713,"$112,317.98 ",$80.80 ,,,
28,Napa,202005,1394,,,3623,"$108,867.03 ",$78.10 ,,,
28,Napa,202006,1411,,,3533,"$108,765.48 ",$77.08 ,,,
28,Napa,202007,1401,,,3670,"$111,234.05 ",$79.40 ,,,
28,Napa,202008,1410,,,3649,"$113,391.37 ",$80.42 ,,,
28,Napa,202009,1351,,,3435,"$108,138.43 ",$80.04 ,,,
28,Napa,202010,1367,,,3548,"$108,567.22 ",$79.42 ,,,
28,Napa,202011,1354,,,3389,"$108,069.98 ",$79.82 ,,,
28,Napa,202012,1346,,,3289,"$108,657.14 ",$80.73 ,,,
29,Nevada,2019,1075,20618,"$409,853.24 ",3857,"$116,141.71 ",$489.30 ,,,
29,Nevada,201901,542,2362,"$45,450.09 ",,,$83.86 ,,,
29,Nevada,201902,475,2154,"$41,007.04 ",,,$86.33 ,,,
29,Nevada,201903,498,2273,"$45,273.81 ",,,$90.91 ,,,
29,Nevada,201904,464,2223,"$43,780.60 ",,,$94.35 ,,,
29,Nevada,201905,490,2274,"$45,900.01 ",,,$93.67 ,,,
29,Nevada,201906,471,2156,"$43,062.16 ",,,$91.43 ,,,
29,Nevada,201907,489,2312,"$46,424.48 ",,,$94.94 ,,,
29,Nevada,201908,486,2296,"$46,253.05 ",,,$95.17 ,,,
29,Nevada,201909,480,1813,"$36,845.39 ",265,"$7,820.23 ",$93.05 ,,,
29,Nevada,201910,449,636,"$13,355.78 ",942,"$27,203.67 ",$90.33 ,,,
29,Nevada,201911,458,119,"$2,500.83 ",1232,"$38,421.01 ",$89.35 ,,,
29,Nevada,201912,471,,,1418,"$42,696.80 ",$90.65 ,,,
29,Nevada,2020,1015,8,$186.06 ,15198,"$454,819.01 ",$448.28 ,,,
29,Nevada,202001,527,,,1566,"$44,949.51 ",$85.29 ,,,
29,Nevada,202002,487,,,1346,"$39,876.92 ",$81.88 ,,,
29,Nevada,202003,529,4,$55.25 ,1439,"$43,414.44 ",$82.17 ,,,
29,Nevada,202004,524,4,$130.81 ,1274,"$41,982.24 ",$80.37 ,,,
29,Nevada,202005,526,,,1257,"$38,930.40 ",$74.01 ,,,
29,Nevada,202006,519,,,1159,"$36,905.31 ",$71.11 ,,,
29,Nevada,202007,493,,,1192,"$35,551.84 ",$72.11 ,,,
29,Nevada,202008,515,,,1225,"$35,359.27 ",$68.66 ,,,
29,Nevada,202009,482,,,1187,"$34,395.55 ",$71.36 ,,,
29,Nevada,202010,495,,,1213,"$35,022.87 ",$70.75 ,,,
29,Nevada,202011,484,,,1164,"$34,929.37 ",$72.17 ,,,
29,Nevada,202012,480,,,1176,"$33,501.29 ",$69.79 ,,,
30,Orange,2019,60213,1940745,"$41,636,523.36 ",82031,"$2,967,886.90 ",$740.78 ,,,
30,Orange,201901,37460,182964,"$3,894,540.06 ",,,$103.97 ,,,
30,Orange,201902,37008,181244,"$3,863,979.96 ",,,$104.41 ,,,
30,Orange,201903,36301,176803,"$3,805,027.51 ",,,$104.82 ,,,
30,Orange,201904,36284,178134,"$3,832,437.64 ",,,$105.62 ,,,
30,Orange,201905,36445,177571,"$3,818,738.45 ",,,$104.78 ,,,
30,Orange,201906,36116,176834,"$3,791,384.76 ",,,$104.98 ,,,
30,Orange,201907,36505,177960,"$3,808,243.91 ",,,$104.32 ,,,
30,Orange,201908,36139,175371,"$3,757,560.82 ",1,$2.99 ,$103.98 ,,,
30,Orange,201909,35315,172758,"$3,704,096.75 ",7,$299.85 ,$104.90 ,,,
30,Orange,201910,34504,166420,"$3,624,881.37 ",28,"$1,076.93 ",$105.09 ,,,
30,Orange,201911,31930,119371,"$2,583,657.23 ",23030,"$809,033.98 ",$106.25 ,,,
30,Orange,201912,30283,55315,"$1,151,974.90 ",58965,"$2,157,473.15 ",$109.28 ,,,
30,Orange,2020,55169,15041,"$351,991.23 ",1103099,"$43,476,755.08 ",$794.45 ,,,
30,Orange,202001,31571,12237,"$272,047.28 ",91718,"$3,233,372.44 ",$111.03 ,,,
30,Orange,202002,31682,1327,"$36,024.30 ",96089,"$3,444,462.16 ",$109.86 ,,,
30,Orange,202003,33608,891,"$26,204.94 ",96595,"$3,714,666.01 ",$111.31 ,,,
30,Orange,202004,34682,421,"$12,676.36 ",90618,"$3,782,714.54 ",$109.43 ,,,
30,Orange,202005,34850,165,"$5,038.35 ",90555,"$3,729,473.85 ",$107.16 ,,,
30,Orange,202006,34917,,,89977,"$3,695,578.56 ",$105.84 ,,,
30,Orange,202007,35046,,,92133,"$3,685,356.46 ",$105.16 ,,,
30,Orange,202008,35232,,,92659,"$3,674,860.55 ",$104.30 ,,,
30,Orange,202009,34853,,,90371,"$3,628,530.53 ",$104.11 ,,,
30,Orange,202010,34819,,,91701,"$3,605,804.81 ",$103.56 ,,,
30,Orange,202011,34869,,,89957,"$3,628,414.34 ",$104.06 ,,,
30,Orange,202012,35009,,,90726,"$3,653,520.83 ",$104.36 ,,,
31,Placer,2019,4650,72388,"$1,375,208.07 ",12638,"$343,268.05 ",$369.56 ,,,
31,Placer,201901,1895,8208,"$157,857.07 ",,,$83.30 ,,,
31,Placer,201902,1825,8093,"$153,969.24 ",,,$84.37 ,,,
31,Placer,201903,1752,7782,"$148,495.43 ",,,$84.76 ,,,
31,Placer,201904,1773,7958,"$148,193.73 ",,,$83.58 ,,,
31,Placer,201905,1777,7846,"$149,291.21 ",,,$84.01 ,,,
31,Placer,201906,1740,7713,"$146,925.80 ",,,$84.44 ,,,
31,Placer,201907,1741,7601,"$144,735.69 ",,,$83.13 ,,,
31,Placer,201908,1737,7690,"$147,102.10 ",,,$84.69 ,,,
31,Placer,201909,1645,6407,"$121,038.29 ",569,"$14,075.65 ",$82.14 ,,,
31,Placer,201910,1669,2466,"$46,631.62 ",3141,"$83,819.85 ",$78.16 ,,,
31,Placer,201911,1719,608,"$10,650.08 ",4255,"$116,397.83 ",$73.91 ,,,
31,Placer,201912,1790,16,$317.81 ,4673,"$128,974.72 ",$72.23 ,,,
31,Placer,2020,4979,60,"$1,769.86 ",55772,"$1,646,378.61 ",$331.02 ,,,
31,Placer,202001,1823,15,$435.61 ,4972,"$138,042.35 ",$75.96 ,,,
31,Placer,202002,1794,14,$357.82 ,4727,"$135,604.80 ",$75.79 ,,,
31,Placer,202003,1912,10,$416.18 ,4859,"$139,339.87 ",$73.09 ,,,
31,Placer,202004,1932,17,$408.59 ,4498,"$137,979.28 ",$71.63 ,,,
31,Placer,202005,1968,4,$151.66 ,4458,"$134,867.19 ",$68.61 ,,,
31,Placer,202006,1973,,,4389,"$134,613.98 ",$68.23 ,,,
31,Placer,202007,1989,,,4529,"$136,951.74 ",$68.85 ,,,
31,Placer,202008,1997,,,4649,"$140,497.06 ",$70.35 ,,,
31,Placer,202009,1989,,,4678,"$136,605.74 ",$68.68 ,,,
31,Placer,202010,2007,,,4738,"$138,032.47 ",$68.78 ,,,
31,Placer,202011,1994,,,4685,"$137,581.06 ",$69.00 ,,,
31,Placer,202012,2020,,,4590,"$136,263.07 ",$67.46 ,,,
32,Plumas,2019,369,8639,"$176,601.76 ",1715,"$44,615.68 ",$599.51 ,,,
32,Plumas,201901,188,961,"$20,054.83 ",,,$106.67 ,,,
32,Plumas,201902,194,937,"$19,407.78 ",,,$100.04 ,,,
32,Plumas,201903,185,887,"$18,015.28 ",,,$97.38 ,,,
32,Plumas,201904,188,937,"$19,426.03 ",,,$103.33 ,,,
32,Plumas,201905,186,896,"$18,275.14 ",,,$98.25 ,,,
32,Plumas,201906,192,940,"$18,933.23 ",,,$98.61 ,,,
32,Plumas,201907,181,849,"$18,045.34 ",,,$99.70 ,,,
32,Plumas,201908,188,898,"$18,015.84 ",,,$95.83 ,,,
32,Plumas,201909,182,787,"$16,606.78 ",55,$829.57 ,$95.80 ,,,
32,Plumas,201910,193,371,"$6,893.58 ",446,"$12,041.58 ",$98.11 ,,,
32,Plumas,201911,194,90,"$1,480.18 ",601,"$15,664.98 ",$88.38 ,,,
32,Plumas,201912,195,86,"$1,447.75 ",613,"$16,079.55 ",$89.88 ,,,
32,Plumas,2020,336,222,"$3,556.59 ",5678,"$158,604.65 ",$482.62 ,,,
32,Plumas,202001,193,83,"$1,414.48 ",598,"$15,886.71 ",$89.64 ,,,
32,Plumas,202002,188,49,$735.02 ,531,"$15,822.64 ",$88.07 ,,,
32,Plumas,202003,179,62,"$1,034.38 ",489,"$14,059.60 ",$84.32 ,,,
32,Plumas,202004,166,14,$192.61 ,439,"$13,389.93 ",$81.82 ,,,
32,Plumas,202005,169,14,$180.10 ,392,"$12,223.71 ",$73.40 ,,,
32,Plumas,202006,165,,,479,"$13,104.14 ",$79.42 ,,,
32,Plumas,202007,164,,,420,"$12,247.71 ",$74.68 ,,,
32,Plumas,202008,171,,,469,"$12,638.58 ",$73.91 ,,,
32,Plumas,202009,175,,,471,"$13,296.95 ",$75.98 ,,,
32,Plumas,202010,165,,,464,"$12,059.41 ",$73.09 ,,,
32,Plumas,202011,167,,,451,"$11,984.01 ",$71.76 ,,,
32,Plumas,202012,163,,,475,"$11,891.26 ",$72.95 ,,,
33,Riverside,2019,68882,2353893,"$47,926,423.90 ",1909,"$61,923.86 ",$696.67 ,,,
33,Riverside,201901,40214,202666,"$4,091,393.74 ",,,$101.74 ,,,
33,Riverside,201902,39602,199612,"$4,045,689.71 ",,,$102.16 ,,,
33,Riverside,201903,39634,197767,"$4,018,777.98 ",,,$101.40 ,,,
33,Riverside,201904,39354,198389,"$4,021,525.92 ",,,$102.19 ,,,
33,Riverside,201905,39690,198308,"$4,025,455.27 ",,,$101.42 ,,,
33,Riverside,201906,39581,199038,"$4,016,739.13 ",,,$101.48 ,,,
33,Riverside,201907,40155,201101,"$4,063,713.74 ",,,$101.20 ,,,
33,Riverside,201908,40033,200250,"$4,058,799.49 ",2,$153.55 ,$101.39 ,,,
33,Riverside,201909,39595,199811,"$4,052,677.05 ",1,$2.65 ,$102.35 ,,,
33,Riverside,201910,38751,192915,"$3,961,683.77 ",108,"$2,573.27 ",$102.30 ,,,
33,Riverside,201911,37184,184663,"$3,834,076.40 ",554,"$16,641.29 ",$103.56 ,,,
33,Riverside,201912,36394,179373,"$3,735,891.70 ",1244,"$42,553.10 ",$103.82 ,,,
33,Riverside,2020,64000,642926,"$13,424,730.22 ",753470,"$32,204,456.11 ",$712.96 ,,,
33,Riverside,202001,37555,185497,"$3,852,633.60 ",1977,"$64,178.38 ",$104.30 ,,,
33,Riverside,202002,36337,177826,"$3,712,285.65 ",2708,"$95,957.42 ",$104.80 ,,,
33,Riverside,202003,35022,165356,"$3,472,045.91 ",4746,"$179,715.77 ",$104.27 ,,,
33,Riverside,202004,33001,82494,"$1,728,369.35 ",36963,"$1,825,757.57 ",$107.70 ,,,
33,Riverside,202005,33912,31753,"$659,395.71 ",63461,"$2,915,864.59 ",$105.43 ,,,
33,Riverside,202006,35046,,,81903,"$3,678,066.78 ",$104.95 ,,,
33,Riverside,202007,37172,,,89615,"$3,854,117.74 ",$103.68 ,,,
33,Riverside,202008,38027,,,92740,"$3,907,348.27 ",$102.75 ,,,
33,Riverside,202009,38659,,,92910,"$3,913,606.21 ",$101.23 ,,,
33,Riverside,202010,39192,,,95850,"$3,923,959.50 ",$100.12 ,,,
33,Riverside,202011,39299,,,95280,"$3,909,285.35 ",$99.48 ,,,
33,Riverside,202012,39457,,,95317,"$3,936,598.53 ",$99.77 ,,,
34,Sacramento,2019,37260,1113771,"$21,422,579.22 ",139189,"$5,054,241.10 ",$710.60 ,,,
34,Sacramento,201901,23039,122547,"$2,358,975.54 ",,,$102.39 ,,,
34,Sacramento,201902,22500,119908,"$2,308,556.86 ",,,$102.60 ,,,
34,Sacramento,201903,22467,119083,"$2,292,749.39 ",,,$102.05 ,,,
34,Sacramento,201904,22584,120942,"$2,324,267.44 ",,,$102.92 ,,,
34,Sacramento,201905,22620,119674,"$2,308,341.48 ",,,$102.05 ,,,
34,Sacramento,201906,22171,118497,"$2,285,410.84 ",,,$103.08 ,,,
34,Sacramento,201907,22445,119541,"$2,291,944.65 ",,,$102.11 ,,,
34,Sacramento,201908,22055,116730,"$2,246,037.59 ",19,$510.00 ,$101.86 ,,,
34,Sacramento,201909,20662,99279,"$1,920,532.86 ",6096,"$202,105.45 ",$102.73 ,,,
34,Sacramento,201910,19864,43100,"$812,736.45 ",34588,"$1,223,203.78 ",$102.49 ,,,
34,Sacramento,201911,18822,13769,"$258,772.45 ",45639,"$1,670,668.29 ",$102.51 ,,,
34,Sacramento,201912,18691,701,"$14,253.67 ",52847,"$1,957,753.58 ",$105.51 ,,,
34,Sacramento,2020,33931,1620,"$35,015.15 ",627438,"$25,561,219.16 ",$754.36 ,,,
34,Sacramento,202001,19656,594,"$12,500.00 ",55847,"$2,087,434.14 ",$106.83 ,,,
34,Sacramento,202002,19193,544,"$11,687.02 ",52463,"$2,040,855.65 ",$106.94 ,,,
34,Sacramento,202003,20520,339,"$7,591.80 ",52933,"$2,192,230.76 ",$107.20 ,,,
34,Sacramento,202004,21284,125,"$2,874.58 ",50646,"$2,197,781.81 ",$103.39 ,,,
34,Sacramento,202005,21500,18,$361.75 ,51021,"$2,161,530.53 ",$100.55 ,,,
34,Sacramento,202006,21670,,,50960,"$2,138,002.12 ",$98.66 ,,,
34,Sacramento,202007,21936,,,52377,"$2,145,810.32 ",$97.82 ,,,
34,Sacramento,202008,22005,,,52462,"$2,136,708.14 ",$97.10 ,,,
34,Sacramento,202009,21951,,,51513,"$2,116,210.97 ",$96.41 ,,,
34,Sacramento,202010,22091,,,52135,"$2,122,656.15 ",$96.09 ,,,
34,Sacramento,202011,22106,,,52648,"$2,112,961.52 ",$95.58 ,,,
34,Sacramento,202012,22201,,,52433,"$2,109,037.05 ",$95.00 ,,,
35,San Benito,2019,1681,50172,"$1,062,384.28 ",264,"$7,631.67 ",$636.54 ,,,
35,San Benito,201901,989,4652,"$95,240.16 ",,,$96.30 ,,,
35,San Benito,201902,958,4470,"$93,027.15 ",,,$97.11 ,,,
35,San Benito,201903,954,4389,"$96,106.15 ",,,$100.74 ,,,
35,San Benito,201904,908,4173,"$90,143.64 ",,,$99.28 ,,,
35,San Benito,201905,930,4148,"$88,900.64 ",,,$95.59 ,,,
35,San Benito,201906,892,4136,"$88,581.34 ",,,$99.31 ,,,
35,San Benito,201907,893,4065,"$87,396.47 ",,,$97.87 ,,,
35,San Benito,201908,851,3974,"$85,173.44 ",,,$100.09 ,,,
35,San Benito,201909,877,4129,"$86,722.49 ",35,"$1,251.78 ",$100.31 ,,,
35,San Benito,201910,883,4050,"$84,439.03 ",55,"$1,469.36 ",$97.29 ,,,
35,San Benito,201911,886,4082,"$85,466.59 ",77,"$2,173.27 ",$98.92 ,,,
35,San Benito,201912,893,3904,"$81,187.18 ",97,"$2,737.26 ",$93.98 ,,,
35,San Benito,2020,1542,11195,"$236,806.20 ",23823,"$737,102.78 ",$631.59 ,,,
35,San Benito,202001,897,3965,"$82,632.95 ",93,"$2,495.19 ",$94.90 ,,,
35,San Benito,202002,869,3921,"$83,472.89 ",117,"$3,868.57 ",$100.51 ,,,
35,San Benito,202003,836,2259,"$47,762.19 ",1079,"$32,104.80 ",$95.53 ,,,
35,San Benito,202004,849,916,"$19,842.82 ",1830,"$60,080.99 ",$94.14 ,,,
35,San Benito,202005,858,134,"$3,095.35 ",2414,"$73,626.09 ",$89.42 ,,,
35,San Benito,202006,899,,,2528,"$78,240.50 ",$87.03 ,,,
35,San Benito,202007,919,,,2677,"$82,485.87 ",$89.76 ,,,
35,San Benito,202008,916,,,2649,"$82,768.62 ",$90.36 ,,,
35,San Benito,202009,902,,,2586,"$83,642.15 ",$92.73 ,,,
35,San Benito,202010,925,,,2648,"$80,948.36 ",$87.51 ,,,
35,San Benito,202011,910,,,2585,"$78,104.24 ",$85.83 ,,,
35,San Benito,202012,933,,,2617,"$78,737.40 ",$84.39 ,,,
36,San Bernardino,2019,73541,2349519,"$50,006,256.37 ",738,"$23,729.79 ",$680.30 ,,,
36,San Bernardino,201901,39852,200766,"$4,216,649.42 ",,,$105.81 ,,,
36,San Bernardino,201902,39589,200014,"$4,229,105.49 ",,,$106.83 ,,,
36,San Bernardino,201903,38865,195098,"$4,159,583.95 ",,,$107.03 ,,,
36,San Bernardino,201904,39048,198227,"$4,195,218.44 ",,,$107.44 ,,,
36,San Bernardino,201905,39405,198757,"$4,214,196.61 ",,,$106.95 ,,,
36,San Bernardino,201906,39300,198821,"$4,206,063.63 ",,,$107.02 ,,,
36,San Bernardino,201907,40367,202858,"$4,280,818.39 ",,,$106.05 ,,,
36,San Bernardino,201908,40304,201614,"$4,246,225.80 ",,,$105.35 ,,,
36,San Bernardino,201909,39552,198846,"$4,225,581.45 ",6,$87.15 ,$106.84 ,,,
36,San Bernardino,201910,39001,194393,"$4,171,935.10 ",13,$275.20 ,$106.98 ,,,
36,San Bernardino,201911,37277,184603,"$4,004,505.53 ",128,"$5,079.79 ",$107.56 ,,,
36,San Bernardino,201912,35596,175522,"$3,856,372.56 ",591,"$18,287.65 ",$108.85 ,,,
36,San Bernardino,2020,67317,544200,"$11,892,403.79 ",855822,"$35,180,225.05 ",$699.27 ,,,
36,San Bernardino,202001,37509,184181,"$4,008,363.36 ",2789,"$95,788.71 ",$109.42 ,,,
36,San Bernardino,202002,36407,160323,"$3,512,226.55 ",13274,"$459,768.25 ",$109.10 ,,,
36,San Bernardino,202003,35538,123171,"$2,706,910.54 ",30498,"$1,165,479.65 ",$108.96 ,,,
36,San Bernardino,202004,35080,56721,"$1,247,721.41 ",58440,"$2,598,204.23 ",$109.63 ,,,
36,San Bernardino,202005,35162,19804,"$417,181.93 ",76606,"$3,328,888.38 ",$106.54 ,,,
36,San Bernardino,202006,35850,,,88404,"$3,798,959.73 ",$105.97 ,,,
36,San Bernardino,202007,37591,,,94914,"$3,936,414.00 ",$104.72 ,,,
36,San Bernardino,202008,38634,,,97396,"$3,981,585.95 ",$103.06 ,,,
36,San Bernardino,202009,38243,,,95986,"$3,901,639.06 ",$102.02 ,,,
36,San Bernardino,202010,39402,,,99671,"$3,969,410.44 ",$100.74 ,,,
36,San Bernardino,202011,39542,,,98695,"$3,950,985.90 ",$99.92 ,,,
36,San Bernardino,202012,39840,,,99149,"$3,993,100.75 ",$100.23 ,,,
37,San Diego,2019,62033,1940310,"$40,353,117.27 ",190911,"$6,156,699.47 ",$749.76 ,,,
37,San Diego,201901,39994,199781,"$4,139,281.55 ",,,$103.50 ,,,
37,San Diego,201902,39734,198703,"$4,116,729.05 ",,,$103.61 ,,,
37,San Diego,201903,38950,192598,"$4,002,304.39 ",,,$102.75 ,,,
37,San Diego,201904,38322,191128,"$3,974,506.87 ",,,$103.71 ,,,
37,San Diego,201905,39006,193715,"$4,029,234.84 ",,,$103.30 ,,,
37,San Diego,201906,38384,191660,"$3,973,866.30 ",,,$103.53 ,,,
37,San Diego,201907,38895,193502,"$4,014,200.80 ",,,$103.21 ,,,
37,San Diego,201908,38302,189435,"$3,936,397.44 ",1,$2.22 ,$102.77 ,,,
37,San Diego,201909,36495,182425,"$3,821,061.13 ",8,$378.44 ,$104.71 ,,,
37,San Diego,201910,35099,132865,"$2,804,339.87 ",28455,"$849,711.96 ",$104.11 ,,,
37,San Diego,201911,32664,59742,"$1,236,789.34 ",67943,"$2,191,440.57 ",$104.95 ,,,
37,San Diego,201912,31756,14756,"$304,405.69 ",94504,"$3,115,166.28 ",$107.68 ,,,
37,San Diego,2020,54805,3375,"$78,868.89 ",1208200,"$44,462,722.47 ",$812.73 ,,,
37,San Diego,202001,33904,1198,"$26,892.29 ",112267,"$3,662,310.90 ",$108.81 ,,,
37,San Diego,202002,33470,950,"$20,502.06 ",106733,"$3,589,203.72 ",$107.85 ,,,
37,San Diego,202003,34998,733,"$18,741.25 ",105701,"$3,784,428.32 ",$108.67 ,,,
37,San Diego,202004,35542,375,"$9,789.53 ",96555,"$3,766,217.79 ",$106.24 ,,,
37,San Diego,202005,35904,119,"$2,943.76 ",96326,"$3,757,277.57 ",$104.73 ,,,
37,San Diego,202006,36081,,,95855,"$3,721,394.62 ",$103.14 ,,,
37,San Diego,202007,36618,,,98678,"$3,720,948.95 ",$101.62 ,,,
37,San Diego,202008,36737,,,100102,"$3,712,383.71 ",$101.05 ,,,
37,San Diego,202009,36701,,,98214,"$3,686,593.09 ",$100.45 ,,,
37,San Diego,202010,36818,,,100056,"$3,682,523.30 ",$100.02 ,,,
37,San Diego,202011,36762,,,98853,"$3,676,636.46 ",$100.01 ,,,
37,San Diego,202012,36903,,,98860,"$3,702,804.04 ",$100.34 ,,,
38,San Francisco,2019,8412,182536,"$4,148,232.59 ",34923,"$1,451,909.84 ",$665.73 ,,,
38,San Francisco,201901,4773,21469,"$489,587.26 ",,,$102.57 ,,,
38,San Francisco,201902,4589,20822,"$478,186.03 ",,,$104.20 ,,,
38,San Francisco,201903,4555,20621,"$475,415.11 ",,,$104.37 ,,,
38,San Francisco,201904,4523,20458,"$467,712.94 ",,,$103.41 ,,,
38,San Francisco,201905,4595,20188,"$461,691.06 ",,,$100.48 ,,,
38,San Francisco,201906,4637,20641,"$465,432.57 ",,,$100.37 ,,,
38,San Francisco,201907,4595,20559,"$463,304.76 ",,,$100.83 ,,,
38,San Francisco,201908,4412,19791,"$446,669.04 ",7,$80.36 ,$101.26 ,,,
38,San Francisco,201909,4278,12482,"$277,583.69 ",4555,"$176,849.72 ",$106.23 ,,,
38,San Francisco,201910,4148,5453,"$121,461.23 ",8409,"$331,289.76 ",$109.15 ,,,
38,San Francisco,201911,4006,23,$604.11 ,10657,"$459,536.67 ",$114.86 ,,,
38,San Francisco,201912,4167,29,$584.79 ,11295,"$484,153.33 ",$116.33 ,,,
38,San Francisco,2020,7456,45,"$1,289.31 ",127413,"$6,970,520.62 ",$935.06 ,,,
38,San Francisco,202001,4214,21,$667.39 ,11652,"$508,152.00 ",$120.74 ,,,
38,San Francisco,202002,4219,20,$547.15 ,11463,"$520,750.01 ",$123.56 ,,,
38,San Francisco,202003,4308,4,$74.77 ,10547,"$561,431.99 ",$130.34 ,,,
38,San Francisco,202004,4418,,,9823,"$585,294.36 ",$132.48 ,,,
38,San Francisco,202005,4520,,,10090,"$588,399.15 ",$130.18 ,,,
38,San Francisco,202006,4572,,,10274,"$592,994.15 ",$129.70 ,,,
38,San Francisco,202007,4633,,,10637,"$598,476.52 ",$129.18 ,,,
38,San Francisco,202008,4668,,,10753,"$605,871.04 ",$129.79 ,,,
38,San Francisco,202009,4658,,,10553,"$607,096.79 ",$130.33 ,,,
38,San Francisco,202010,4621,,,10792,"$603,761.37 ",$130.66 ,,,
38,San Francisco,202011,4623,,,10396,"$597,058.35 ",$129.15 ,,,
38,San Francisco,202012,4635,,,10433,"$601,234.89 ",$129.72 ,,,
39,San Joaquin,2019,25078,910848,"$17,968,734.76 ",1889,"$62,342.12 ",$719.00 ,,,
39,San Joaquin,201901,15171,76578,"$1,492,477.02 ",,,$98.38 ,,,
39,San Joaquin,201902,15187,77095,"$1,510,826.40 ",,,$99.48 ,,,
39,San Joaquin,201903,15141,76825,"$1,510,380.46 ",,,$99.75 ,,,
39,San Joaquin,201904,15104,77019,"$1,519,301.70 ",,,$100.59 ,,,
39,San Joaquin,201905,15327,78013,"$1,527,487.32 ",,,$99.66 ,,,
39,San Joaquin,201906,15019,76929,"$1,502,318.09 ",,,$100.03 ,,,
39,San Joaquin,201907,15155,77518,"$1,514,634.78 ",1,$18.16 ,$99.94 ,,,
39,San Joaquin,201908,15135,76571,"$1,507,759.13 ",8,$668.69 ,$99.66 ,,,
39,San Joaquin,201909,14928,75923,"$1,497,867.19 ",209,"$5,446.28 ",$100.70 ,,,
39,San Joaquin,201910,14972,75159,"$1,491,434.35 ",420,"$13,373.72 ",$100.51 ,,,
39,San Joaquin,201911,14485,72392,"$1,452,911.01 ",545,"$19,308.95 ",$101.64 ,,,
39,San Joaquin,201912,14189,70826,"$1,441,337.31 ",706,"$23,526.32 ",$103.24 ,,,
39,San Joaquin,2020,23297,206500,"$4,287,583.44 ",292665,"$12,574,861.05 ",$723.80 ,,,
39,San Joaquin,202001,14313,71868,"$1,466,690.46 ",845,"$27,924.68 ",$104.42 ,,,
39,San Joaquin,202002,13731,68858,"$1,429,913.62 ",834,"$29,022.64 ",$106.25 ,,,
39,San Joaquin,202003,13010,45150,"$958,984.75 ",10588,"$453,307.17 ",$108.55 ,,,
39,San Joaquin,202004,12900,18198,"$379,414.48 ",21277,"$995,426.31 ",$106.58 ,,,
39,San Joaquin,202005,13046,2426,"$52,580.13 ",28794,"$1,304,769.72 ",$104.04 ,,,
39,San Joaquin,202006,13522,,,31248,"$1,369,627.89 ",$101.29 ,,,
39,San Joaquin,202007,14012,,,32961,"$1,406,694.41 ",$100.39 ,,,
39,San Joaquin,202008,14139,,,33022,"$1,416,396.23 ",$100.18 ,,,
39,San Joaquin,202009,14193,,,32941,"$1,393,657.83 ",$98.19 ,,,
39,San Joaquin,202010,14360,,,33588,"$1,397,868.20 ",$97.34 ,,,
39,San Joaquin,202011,14244,,,33339,"$1,378,095.74 ",$96.75 ,,,
39,San Joaquin,202012,14343,,,33228,"$1,402,070.23 ",$97.75 ,,,
40,San Luis Obispo,2019,3359,109273,"$2,024,361.48 ",15,$544.19 ,$602.83 ,,,
40,San Luis Obispo,201901,1952,9535,"$176,515.76 ",,,$90.43 ,,,
40,San Luis Obispo,201902,1901,9129,"$166,376.67 ",,,$87.52 ,,,
40,San Luis Obispo,201903,1886,9013,"$168,151.63 ",,,$89.16 ,,,
40,San Luis Obispo,201904,1903,9218,"$171,730.94 ",,,$90.24 ,,,
40,San Luis Obispo,201905,1904,9180,"$167,604.56 ",,,$88.03 ,,,
40,San Luis Obispo,201906,1925,9188,"$169,804.77 ",,,$88.21 ,,,
40,San Luis Obispo,201907,1924,9264,"$173,853.82 ",,,$90.36 ,,,
40,San Luis Obispo,201908,1921,9179,"$170,245.64 ",,,$88.62 ,,,
40,San Luis Obispo,201909,1909,9141,"$168,522.11 ",1,$28.14 ,$88.29 ,,,
40,San Luis Obispo,201910,1888,8944,"$166,253.39 ",4,$173.53 ,$88.15 ,,,
40,San Luis Obispo,201911,1859,8783,"$163,784.87 ",2,$132.11 ,$88.17 ,,,
40,San Luis Obispo,201912,1825,8699,"$161,517.32 ",8,$210.41 ,$88.62 ,,,
40,San Luis Obispo,2020,3555,20593,"$385,288.11 ",43972,"$1,684,363.40 ",$582.18 ,,,
40,San Luis Obispo,202001,1847,8670,"$163,465.95 ",44,"$1,086.03 ",$89.09 ,,,
40,San Luis Obispo,202002,1759,7322,"$137,363.22 ",680,"$22,024.51 ",$90.61 ,,,
40,San Luis Obispo,202003,1843,3601,"$65,667.81 ",2707,"$103,655.45 ",$91.87 ,,,
40,San Luis Obispo,202004,1850,1000,"$18,791.13 ",3712,"$151,601.29 ",$92.10 ,,,
40,San Luis Obispo,202005,1963,,,4406,"$171,942.92 ",$87.59 ,,,
40,San Luis Obispo,202006,1982,,,4502,"$170,180.32 ",$85.86 ,,,
40,San Luis Obispo,202007,2037,,,4589,"$175,761.47 ",$86.28 ,,,
40,San Luis Obispo,202008,2079,,,4723,"$179,272.71 ",$86.23 ,,,
40,San Luis Obispo,202009,2057,,,4593,"$177,326.88 ",$86.21 ,,,
40,San Luis Obispo,202010,2054,,,4655,"$176,127.76 ",$85.75 ,,,
40,San Luis Obispo,202011,2069,,,4674,"$176,956.80 ",$85.53 ,,,
40,San Luis Obispo,202012,2091,,,4687,"$178,427.26 ",$85.33 ,,,
41,San Mateo,2019,10188,164472,"$3,419,814.70 ",38562,"$1,576,459.83 ",$490.41 ,,,
41,San Mateo,201901,5454,21982,"$451,604.04 ",,,$82.80 ,,,
41,San Mateo,201902,5338,20883,"$437,047.14 ",,,$81.87 ,,,
41,San Mateo,201903,5097,19249,"$396,807.10 ",,,$77.85 ,,,
41,San Mateo,201904,4862,18024,"$362,869.74 ",,,$74.63 ,,,
41,San Mateo,201905,4744,17475,"$358,230.83 ",,,$75.51 ,,,
41,San Mateo,201906,4645,17464,"$359,748.29 ",,,$77.45 ,,,
41,San Mateo,201907,4560,17731,"$370,332.54 ",,,$81.21 ,,,
41,San Mateo,201908,4351,18037,"$398,043.72 ",2,$62.84 ,$91.50 ,,,
41,San Mateo,201909,4329,9935,"$209,855.52 ",5620,"$232,122.37 ",$102.10 ,,,
41,San Mateo,201910,4463,3573,"$72,370.94 ",10116,"$384,768.09 ",$102.43 ,,,
41,San Mateo,201911,4456,45,"$1,149.21 ",11520,"$478,645.42 ",$107.67 ,,,
41,San Mateo,201912,4415,74,"$1,755.63 ",11304,"$480,861.11 ",$109.31 ,,,
41,San Mateo,2020,9024,126,"$2,426.21 ",130491,"$6,580,948.24 ",$729.54 ,,,
41,San Mateo,202001,4469,37,"$1,056.27 ",11491,"$496,447.02 ",$111.32 ,,,
41,San Mateo,202002,4457,58,$926.20 ,10964,"$510,829.19 ",$114.82 ,,,
41,San Mateo,202003,4760,31,$443.74 ,11181,"$566,326.10 ",$119.07 ,,,
41,San Mateo,202004,4899,,,10864,"$590,704.44 ",$120.58 ,,,
41,San Mateo,202005,4831,,,10687,"$548,963.76 ",$113.63 ,,,
41,San Mateo,202006,4787,,,10514,"$541,401.26 ",$113.10 ,,,
41,San Mateo,202007,5003,,,11086,"$550,470.20 ",$110.03 ,,,
41,San Mateo,202008,4957,,,10901,"$557,421.79 ",$112.45 ,,,
41,San Mateo,202009,4919,,,10645,"$547,799.81 ",$111.36 ,,,
41,San Mateo,202010,4966,,,10784,"$552,847.47 ",$111.33 ,,,
41,San Mateo,202011,4935,,,10668,"$555,481.14 ",$112.56 ,,,
41,San Mateo,202012,4996,,,10706,"$562,256.06 ",$112.54 ,,,
42,Santa Barbara,2019,14850,572122,"$10,309,638.46 ",32,"$1,253.33 ",$694.34 ,,,
42,Santa Barbara,201901,9947,49814,"$879,705.06 ",,,$88.44 ,,,
42,Santa Barbara,201902,9959,49598,"$879,500.74 ",,,$88.31 ,,,
42,Santa Barbara,201903,9760,48454,"$867,104.10 ",,,$88.84 ,,,
42,Santa Barbara,201904,9727,48158,"$864,705.52 ",,,$88.90 ,,,
42,Santa Barbara,201905,9751,47858,"$862,259.93 ",,,$88.43 ,,,
42,Santa Barbara,201906,9708,47922,"$867,879.56 ",,,$89.40 ,,,
42,Santa Barbara,201907,9780,48086,"$870,606.81 ",,,$89.02 ,,,
42,Santa Barbara,201908,9719,47311,"$856,235.19 ",,,$88.10 ,,,
42,Santa Barbara,201909,9546,47042,"$851,050.37 ",3,$163.26 ,$89.17 ,,,
42,Santa Barbara,201910,9546,46686,"$849,213.21 ",6,$225.34 ,$88.98 ,,,
42,Santa Barbara,201911,9309,46174,"$839,987.92 ",8,$253.95 ,$90.26 ,,,
42,Santa Barbara,201912,9093,45019,"$821,390.05 ",15,$610.78 ,$90.40 ,,,
42,Santa Barbara,2020,13391,65735,"$1,193,269.63 ",224648,"$9,271,464.26 ",$781.48 ,,,
42,Santa Barbara,202001,9069,38949,"$713,314.85 ",3546,"$112,499.52 ",$91.06 ,,,
42,Santa Barbara,202002,8731,19640,"$352,632.39 ",13226,"$467,549.98 ",$93.94 ,,,
42,Santa Barbara,202003,8942,6965,"$124,190.08 ",19106,"$734,107.62 ",$95.98 ,,,
42,Santa Barbara,202004,9023,174,"$3,025.40 ",20683,"$868,745.40 ",$96.62 ,,,
42,Santa Barbara,202005,8989,7,$106.91 ,20588,"$860,216.02 ",$95.71 ,,,
42,Santa Barbara,202006,9099,,,20810,"$870,063.12 ",$95.62 ,,,
42,Santa Barbara,202007,9170,,,21017,"$891,754.66 ",$97.25 ,,,
42,Santa Barbara,202008,9192,,,21210,"$887,815.16 ",$96.59 ,,,
42,Santa Barbara,202009,9178,,,20676,"$881,400.02 ",$96.03 ,,,
42,Santa Barbara,202010,9268,,,21159,"$887,975.57 ",$95.81 ,,,
42,Santa Barbara,202011,9260,,,21027,"$888,633.56 ",$95.96 ,,,
42,Santa Barbara,202012,9429,,,21600,"$920,703.63 ",$97.65 ,,,
43,Santa Clara,2019,21609,519652,"$10,697,406.20 ",97478,"$3,605,145.27 ",$661.88 ,,,
43,Santa Clara,201901,12784,61291,"$1,247,224.75 ",,,$97.56 ,,,
43,Santa Clara,201902,12567,60451,"$1,232,624.04 ",,,$98.08 ,,,
43,Santa Clara,201903,12524,60028,"$1,237,459.56 ",,,$98.81 ,,,
43,Santa Clara,201904,12421,59857,"$1,229,320.20 ",,,$98.97 ,,,
43,Santa Clara,201905,12470,59682,"$1,228,504.80 ",,,$98.52 ,,,
43,Santa Clara,201906,12386,59485,"$1,227,943.36 ",,,$99.14 ,,,
43,Santa Clara,201907,12156,58074,"$1,204,494.02 ",1,$145.10 ,$99.10 ,,,
43,Santa Clara,201908,11903,55939,"$1,165,584.48 ",2,$32.69 ,$97.93 ,,,
43,Santa Clara,201909,11451,32003,"$658,797.17 ",14238,"$487,007.88 ",$100.06 ,,,
43,Santa Clara,201910,11359,11405,"$231,480.93 ",25683,"$910,469.03 ",$100.53 ,,,
43,Santa Clara,201911,10929,729,"$17,308.00 ",28892,"$1,096,663.14 ",$101.93 ,,,
43,Santa Clara,201912,10785,708,"$16,664.89 ",28662,"$1,110,827.43 ",$104.54 ,,,
43,Santa Clara,2020,19718,1964,"$42,412.00 ",340026,"$15,218,750.12 ",$773.97 ,,,
43,Santa Clara,202001,11271,666,"$13,834.41 ",30518,"$1,195,146.21 ",$107.26 ,,,
43,Santa Clara,202002,11131,729,"$15,122.59 ",29112,"$1,184,149.92 ",$107.74 ,,,
43,Santa Clara,202003,11414,397,"$9,214.86 ",28602,"$1,238,398.55 ",$109.31 ,,,
43,Santa Clara,202004,11818,160,"$4,074.79 ",27081,"$1,276,703.01 ",$108.38 ,,,
43,Santa Clara,202005,12055,12,$165.35 ,27595,"$1,271,982.81 ",$105.53 ,,,
43,Santa Clara,202006,12147,,,27409,"$1,274,161.76 ",$104.90 ,,,
43,Santa Clara,202007,12338,,,28251,"$1,278,902.70 ",$103.66 ,,,
43,Santa Clara,202008,12358,,,28479,"$1,294,376.24 ",$104.74 ,,,
43,Santa Clara,202009,12448,,,28120,"$1,295,772.09 ",$104.09 ,,,
43,Santa Clara,202010,12538,,,28479,"$1,296,366.81 ",$103.40 ,,,
43,Santa Clara,202011,12547,,,28186,"$1,306,001.24 ",$104.09 ,,,
43,Santa Clara,202012,12674,,,28194,"$1,306,788.78 ",$103.11 ,,,
44,Santa Cruz,2019,6138,217597,"$4,133,329.94 ",82,"$1,845.30 ",$673.70 ,,,
44,Santa Cruz,201901,4047,19434,"$363,551.73 ",,,$89.83 ,,,
44,Santa Cruz,201902,4066,19558,"$365,639.85 ",,,$89.93 ,,,
44,Santa Cruz,201903,3992,19008,"$354,930.31 ",,,$88.91 ,,,
44,Santa Cruz,201904,3925,18731,"$352,248.19 ",,,$89.74 ,,,
44,Santa Cruz,201905,3846,18298,"$351,782.07 ",,,$91.47 ,,,
44,Santa Cruz,201906,3787,18118,"$346,062.85 ",,,$91.38 ,,,
44,Santa Cruz,201907,3813,17647,"$339,848.57 ",,,$89.13 ,,,
44,Santa Cruz,201908,3706,17254,"$332,690.04 ",,,$89.77 ,,,
44,Santa Cruz,201909,3677,17449,"$334,028.86 ",7,$261.73 ,$90.91 ,,,
44,Santa Cruz,201910,3755,17639,"$338,137.06 ",13,$187.76 ,$90.10 ,,,
44,Santa Cruz,201911,3688,17600,"$334,591.28 ",31,$859.35 ,$90.96 ,,,
44,Santa Cruz,201912,3534,16861,"$319,819.13 ",31,$536.46 ,$90.65 ,,,
44,Santa Cruz,2020,5641,42021,"$799,333.13 ",71708,"$3,255,437.67 ",$718.80 ,,,
44,Santa Cruz,202001,3570,17112,"$329,298.37 ",33,"$1,008.19 ",$92.52 ,,,
44,Santa Cruz,202002,3503,14948,"$284,786.46 ",1014,"$36,393.47 ",$91.69 ,,,
44,Santa Cruz,202003,3457,7870,"$146,567.40 ",4288,"$180,434.10 ",$94.59 ,,,
44,Santa Cruz,202004,3419,2084,"$38,462.74 ",6399,"$292,248.83 ",$96.73 ,,,
44,Santa Cruz,202005,3505,7,$218.16 ,7463,"$335,341.71 ",$95.74 ,,,
44,Santa Cruz,202006,3640,,,7518,"$345,739.48 ",$94.98 ,,,
44,Santa Cruz,202007,3679,,,7582,"$347,840.29 ",$94.55 ,,,
44,Santa Cruz,202008,3579,,,7364,"$338,048.75 ",$94.45 ,,,
44,Santa Cruz,202009,3659,,,7474,"$350,376.50 ",$95.76 ,,,
44,Santa Cruz,202010,3683,,,7750,"$345,841.22 ",$93.90 ,,,
44,Santa Cruz,202011,3672,,,7428,"$344,117.78 ",$93.71 ,,,
44,Santa Cruz,202012,3592,,,7395,"$338,047.35 ",$94.11 ,,,
45,Shasta,2019,4662,120946,"$2,316,668.54 ",18948,"$544,819.45 ",$613.79 ,,,
45,Shasta,201901,2681,13405,"$259,763.15 ",,,$96.89 ,,,
45,Shasta,201902,2543,12927,"$247,413.36 ",,,$97.29 ,,,
45,Shasta,201903,2490,12610,"$242,409.51 ",,,$97.35 ,,,
45,Shasta,201904,2513,12856,"$246,403.19 ",,,$98.05 ,,,
45,Shasta,201905,2570,13296,"$255,204.25 ",,,$99.30 ,,,
45,Shasta,201906,2495,13021,"$250,675.79 ",,,$100.47 ,,,
45,Shasta,201907,2522,13006,"$247,002.78 ",,,$97.94 ,,,
45,Shasta,201908,2493,12709,"$242,415.49 ",3,$74.56 ,$97.27 ,,,
45,Shasta,201909,2389,11179,"$210,888.66 ",736,"$17,587.00 ",$95.64 ,,,
45,Shasta,201910,2305,4515,"$85,868.01 ",4790,"$130,873.87 ",$94.03 ,,,
45,Shasta,201911,2255,1369,"$27,102.83 ",6288,"$183,734.05 ",$93.50 ,,,
45,Shasta,201912,2252,53,"$1,521.52 ",7131,"$212,549.97 ",$95.06 ,,,
45,Shasta,2020,4224,200,"$4,762.05 ",77566,"$2,618,310.59 ",$620.99 ,,,
45,Shasta,202001,2398,56,"$1,496.47 ",7586,"$223,601.73 ",$93.87 ,,,
45,Shasta,202002,2321,68,"$1,544.91 ",6912,"$214,316.33 ",$93.00 ,,,
45,Shasta,202003,2480,53,"$1,201.23 ",6892,"$232,957.98 ",$94.42 ,,,
45,Shasta,202004,2460,23,$519.44 ,6117,"$219,267.35 ",$89.34 ,,,
45,Shasta,202005,2405,,,5983,"$211,614.26 ",$87.99 ,,,
45,Shasta,202006,2375,,,6021,"$208,450.91 ",$87.77 ,,,
45,Shasta,202007,2436,,,6199,"$215,726.93 ",$88.56 ,,,
45,Shasta,202008,2423,,,6363,"$217,743.76 ",$89.87 ,,,
45,Shasta,202009,2426,,,6170,"$218,104.01 ",$89.90 ,,,
45,Shasta,202010,2446,,,6428,"$220,200.47 ",$90.02 ,,,
45,Shasta,202011,2480,,,6466,"$218,607.67 ",$88.15 ,,,
45,Shasta,202012,2479,,,6429,"$217,719.19 ",$87.83 ,,,
46,Sierra,2019, - , - , - , - , - , - ,,,
46,Sierra,201901, - , - , - , - , - , - ,,,
46,Sierra,201902, - , - , - , - , - , - ,,,
46,Sierra,201903, - , - , - , - , - , - ,,,
46,Sierra,201904, - , - , - , - , - , - ,,,
46,Sierra,201905, - , - , - , - , - , - ,,,
46,Sierra,201906, - , - , - , - , - , - ,,,
46,Sierra,201907, - , - , - , - , - , - ,,,
46,Sierra,201908, - , - , - , - , - , - ,,,
46,Sierra,201909, - , - , - , - , - , - ,,,
46,Sierra,201910, - , - , - , - , - , - ,,,
46,Sierra,201911, - , - , - , - , - , - ,,,
46,Sierra,201912, - , - , - , - , - , - ,,,
46,Sierra,2020, - , - , - , - , - , - ,,,
46,Sierra,202001, - , - , - , - , - , - ,,,
46,Sierra,202002, - , - , - , - , - , - ,,,
46,Sierra,202003, - , - , - , - , - , - ,,,
46,Sierra,202004, - , - , - , - , - , - ,,,
46,Sierra,202005, - , - , - , - , - , - ,,,
46,Sierra,202006, - , - , - , - , - , - ,,,
46,Sierra,202007, - , - , - , - , - , - ,,,
46,Sierra,202008, - , - , - , - , - , - ,,,
46,Sierra,202009, - , - , - , - , - , - ,,,
46,Sierra,202010, - , - , - , - , - , - ,,,
46,Sierra,202011, - , - , - , - , - , - ,,,
46,Sierra,202012, - , - , - , - , - , - ,,,
47,Siskiyou,2019,930,21784,"$430,614.17 ",5131,"$126,494.08 ",$599.04 ,,,
47,Siskiyou,201901,481,2452,"$50,216.77 ",,,$104.40 ,,,
47,Siskiyou,201902,471,2344,"$46,811.57 ",,,$99.39 ,,,
47,Siskiyou,201903,472,2361,"$47,390.25 ",,,$100.40 ,,,
47,Siskiyou,201904,449,2222,"$43,964.06 ",,,$97.92 ,,,
47,Siskiyou,201905,460,2297,"$45,316.57 ",,,$98.51 ,,,
47,Siskiyou,201906,447,2234,"$44,906.48 ",,,$100.46 ,,,
47,Siskiyou,201907,495,2541,"$49,383.56 ",,,$99.76 ,,,
47,Siskiyou,201908,492,2513,"$48,758.09 ",,,$99.10 ,,,
47,Siskiyou,201909,488,1946,"$37,526.52 ",375,"$8,740.34 ",$94.81 ,,,
47,Siskiyou,201910,502,664,"$12,494.02 ",1387,"$32,442.75 ",$89.52 ,,,
47,Siskiyou,201911,500,204,"$3,665.38 ",1644,"$41,432.92 ",$90.20 ,,,
47,Siskiyou,201912,463,6,$180.90 ,1725,"$43,878.07 ",$95.16 ,,,
47,Siskiyou,2020,855,52,"$1,024.96 ",14848,"$460,937.45 ",$540.31 ,,,
47,Siskiyou,202001,482,11,$148.78 ,1725,"$45,148.30 ",$93.98 ,,,
47,Siskiyou,202002,470,19,$366.88 ,1496,"$41,451.09 ",$88.97 ,,,
47,Siskiyou,202003,471,22,$509.30 ,1427,"$42,920.36 ",$92.21 ,,,
47,Siskiyou,202004,445,,,1223,"$39,613.41 ",$89.02 ,,,
47,Siskiyou,202005,432,,,1129,"$37,809.70 ",$87.52 ,,,
47,Siskiyou,202006,446,,,1154,"$38,184.84 ",$85.62 ,,,
47,Siskiyou,202007,454,,,1136,"$38,012.41 ",$83.73 ,,,
47,Siskiyou,202008,399,,,1093,"$35,135.75 ",$88.06 ,,,
47,Siskiyou,202009,430,,,1185,"$38,279.57 ",$89.02 ,,,
47,Siskiyou,202010,412,,,1158,"$36,000.44 ",$87.38 ,,,
47,Siskiyou,202011,395,,,1045,"$34,547.67 ",$87.46 ,,,
47,Siskiyou,202012,400,,,1077,"$33,833.91 ",$84.58 ,,,
48,Solano,2019,8957,130060,"$2,580,452.38 ",66006,"$2,451,994.05 ",$561.85 ,,,
48,Solano,201901,4843,22897,"$445,910.14 ",,,$92.07 ,,,
48,Solano,201902,4717,22415,"$438,590.11 ",,,$92.98 ,,,
48,Solano,201903,4716,22037,"$439,756.86 ",,,$93.25 ,,,
48,Solano,201904,4692,22223,"$444,357.03 ",,,$94.71 ,,,
48,Solano,201905,4619,21784,"$434,040.00 ",,,$93.97 ,,,
48,Solano,201906,4252,11283,"$228,021.83 ",5041,"$177,989.09 ",$95.49 ,,,
48,Solano,201907,4235,4800,"$96,634.62 ",8637,"$305,798.79 ",$95.03 ,,,
48,Solano,201908,4270,1234,"$24,641.78 ",10599,"$376,489.49 ",$93.94 ,,,
48,Solano,201909,4281,870,"$17,986.82 ",10574,"$389,540.97 ",$95.19 ,,,
48,Solano,201910,4360,357,"$7,168.53 ",10656,"$406,655.36 ",$94.91 ,,,
48,Solano,201911,4160,103,"$2,149.33 ",10096,"$388,684.99 ",$93.95 ,,,
48,Solano,201912,4198,57,"$1,195.33 ",10403,"$406,835.36 ",$97.20 ,,,
48,Solano,2020,8834,174,"$4,656.98 ",127425,"$5,467,609.44 ",$619.46 ,,,
48,Solano,202001,4405,71,"$2,227.38 ",10985,"$432,262.40 ",$98.64 ,,,
48,Solano,202002,4401,64,"$1,285.15 ",10621,"$431,072.31 ",$98.24 ,,,
48,Solano,202003,4749,27,$701.03 ,11296,"$473,215.25 ",$99.79 ,,,
48,Solano,202004,4832,10,$421.86 ,10368,"$469,696.62 ",$97.29 ,,,
48,Solano,202005,4853,2,$21.56 ,10471,"$462,800.93 ",$95.37 ,,,
48,Solano,202006,4830,,,10126,"$455,427.84 ",$94.29 ,,,
48,Solano,202007,4979,,,10618,"$460,964.14 ",$92.58 ,,,
48,Solano,202008,4929,,,10563,"$455,287.43 ",$92.37 ,,,
48,Solano,202009,4903,,,10422,"$458,211.82 ",$93.46 ,,,
48,Solano,202010,4996,,,10862,"$460,224.58 ",$92.12 ,,,
48,Solano,202011,4965,,,10560,"$457,497.53 ",$92.14 ,,,
48,Solano,202012,4907,,,10533,"$450,948.59 ",$91.90 ,,,
49,Sonoma,2019,6942,177241,"$3,425,060.76 ",30815,"$1,055,393.72 ",$645.41 ,,,
49,Sonoma,201901,4371,21054,"$409,097.97 ",,,$93.59 ,,,
49,Sonoma,201902,4307,20673,"$401,147.47 ",,,$93.14 ,,,
49,Sonoma,201903,4276,20512,"$395,175.97 ",,,$92.42 ,,,
49,Sonoma,201904,4254,20323,"$389,012.73 ",,,$91.45 ,,,
49,Sonoma,201905,4275,20252,"$390,628.63 ",,,$91.38 ,,,
49,Sonoma,201906,4169,20026,"$386,049.05 ",,,$92.60 ,,,
49,Sonoma,201907,4184,20103,"$391,672.00 ",4,$224.17 ,$93.67 ,,,
49,Sonoma,201908,4044,19260,"$375,770.29 ",19,$729.36 ,$93.10 ,,,
49,Sonoma,201909,3842,10919,"$209,553.93 ",4457,"$145,832.64 ",$92.50 ,,,
49,Sonoma,201910,3496,4079,"$75,990.42 ",7411,"$245,194.97 ",$91.87 ,,,
49,Sonoma,201911,3446,17,$382.05 ,9228,"$319,456.05 ",$92.81 ,,,
49,Sonoma,201912,3586,23,$580.25 ,9696,"$343,956.53 ",$96.08 ,,,
49,Sonoma,2020,6117,62,"$1,396.52 ",113047,"$4,295,298.55 ",$702.42 ,,,
49,Sonoma,202001,3842,33,$561.00 ,10401,"$371,810.23 ",$96.92 ,,,
49,Sonoma,202002,3749,25,$782.59 ,10111,"$355,421.25 ",$95.01 ,,,
49,Sonoma,202003,3846,4,$52.93 ,10167,"$375,171.31 ",$97.56 ,,,
49,Sonoma,202004,3806,,,9147,"$368,811.46 ",$96.90 ,,,
49,Sonoma,202005,3660,,,8875,"$346,282.90 ",$94.61 ,,,
49,Sonoma,202006,3772,,,9035,"$353,787.95 ",$93.79 ,,,
49,Sonoma,202007,3871,,,9346,"$361,254.73 ",$93.32 ,,,
49,Sonoma,202008,3833,,,9297,"$354,192.77 ",$92.41 ,,,
49,Sonoma,202009,3859,,,9086,"$355,412.62 ",$92.10 ,,,
49,Sonoma,202010,3902,,,9312,"$352,986.59 ",$90.46 ,,,
49,Sonoma,202011,3823,,,9020,"$349,674.36 ",$91.47 ,,,
49,Sonoma,202012,3910,,,9250,"$350,492.38 ",$89.64 ,,,
50,Stanislaus,2019,17927,601505,"$12,454,678.99 ",588,"$20,512.70 ",$695.89 ,,,
50,Stanislaus,201901,10491,52520,"$1,103,034.04 ",,,$105.14 ,,,
50,Stanislaus,201902,9987,50321,"$1,051,038.81 ",,,$105.24 ,,,
50,Stanislaus,201903,10060,50236,"$1,043,208.29 ",,,$103.70 ,,,
50,Stanislaus,201904,9994,50340,"$1,038,307.61 ",,,$103.89 ,,,
50,Stanislaus,201905,10097,50639,"$1,047,974.60 ",,,$103.79 ,,,
50,Stanislaus,201906,10168,50951,"$1,045,550.03 ",,,$102.83 ,,,
50,Stanislaus,201907,10309,51628,"$1,055,573.99 ",,,$102.39 ,,,
50,Stanislaus,201908,10327,51215,"$1,052,187.02 ",1,$180.80 ,$101.90 ,,,
50,Stanislaus,201909,10118,50849,"$1,041,618.26 ",47,"$1,345.46 ",$103.08 ,,,
50,Stanislaus,201910,9945,49047,"$1,015,091.71 ",133,"$4,438.83 ",$102.52 ,,,
50,Stanislaus,201911,9637,47450,"$991,405.19 ",202,"$6,591.25 ",$103.56 ,,,
50,Stanislaus,201912,9327,46309,"$969,689.44 ",205,"$7,956.36 ",$104.82 ,,,
50,Stanislaus,2020,16739,129650,"$2,726,540.37 ",216409,"$9,277,669.01 ",$717.14 ,,,
50,Stanislaus,202001,9734,48578,"$1,011,157.41 ",220,"$8,074.70 ",$104.71 ,,,
50,Stanislaus,202002,9452,46740,"$983,937.94 ",263,"$10,575.44 ",$105.22 ,,,
50,Stanislaus,202003,8525,24377,"$520,932.94 ",9266,"$403,335.54 ",$108.42 ,,,
50,Stanislaus,202004,8939,8821,"$188,870.94 ",16553,"$776,673.78 ",$108.01 ,,,
50,Stanislaus,202005,9591,1134,"$21,641.14 ",21641,"$971,125.51 ",$103.51 ,,,
50,Stanislaus,202006,9712,,,22580,"$983,333.70 ",$101.25 ,,,
50,Stanislaus,202007,9822,,,23523,"$1,009,863.89 ",$102.82 ,,,
50,Stanislaus,202008,10240,,,24432,"$1,029,152.91 ",$100.50 ,,,
50,Stanislaus,202009,10233,,,23927,"$1,019,149.44 ",$99.59 ,,,
50,Stanislaus,202010,10340,,,24809,"$1,023,706.42 ",$99.00 ,,,
50,Stanislaus,202011,10359,,,24566,"$1,019,922.91 ",$98.46 ,,,
50,Stanislaus,202012,10436,,,24629,"$1,022,754.77 ",$98.00 ,,,
51,Sutter,2019,4768,87255,"$1,584,370.65 ",14225,"$441,574.19 ",$424.90 ,,,
51,Sutter,201901,2250,9888,"$180,612.10 ",,,$80.27 ,,,
51,Sutter,201902,2171,9664,"$173,973.60 ",,,$80.14 ,,,
51,Sutter,201903,2190,9670,"$175,290.67 ",,,$80.04 ,,,
51,Sutter,201904,2169,9697,"$178,109.94 ",,,$82.12 ,,,
51,Sutter,201905,2202,9848,"$181,035.07 ",,,$82.21 ,,,
51,Sutter,201906,2201,9688,"$176,618.44 ",,,$80.24 ,,,
51,Sutter,201907,2217,9906,"$179,337.28 ",,,$80.89 ,,,
51,Sutter,201908,2148,9584,"$170,969.61 ",4,$38.57 ,$79.61 ,,,
51,Sutter,201909,1996,7672,"$139,615.35 ",685,"$20,065.91 ",$80.00 ,,,
51,Sutter,201910,1896,1405,"$24,382.12 ",3911,"$122,426.00 ",$77.43 ,,,
51,Sutter,201911,1993,215,"$4,251.32 ",4713,"$147,807.69 ",$76.30 ,,,
51,Sutter,201912,1981,18,$175.15 ,4912,"$151,236.02 ",$76.43 ,,,
51,Sutter,2020,4698,26,$743.67 ,58949,"$1,928,079.17 ",$410.56 ,,,
51,Sutter,202001,2049,7,$79.23 ,5086,"$157,713.53 ",$77.01 ,,,
51,Sutter,202002,1962,1,$14.35 ,4767,"$149,626.37 ",$76.27 ,,,
51,Sutter,202003,2142,15,$466.49 ,4894,"$159,537.28 ",$74.70 ,,,
51,Sutter,202004,2185,3,$183.60 ,4601,"$161,222.30 ",$73.87 ,,,
51,Sutter,202005,2277,,,4848,"$162,639.88 ",$71.43 ,,,
51,Sutter,202006,2311,,,4921,"$164,345.35 ",$71.11 ,,,
51,Sutter,202007,2335,,,4999,"$164,759.63 ",$70.56 ,,,
51,Sutter,202008,2317,,,5034,"$164,273.06 ",$70.90 ,,,
51,Sutter,202009,2310,,,4847,"$160,530.12 ",$69.49 ,,,
51,Sutter,202010,2331,,,4954,"$159,621.45 ",$68.48 ,,,
51,Sutter,202011,2344,,,5034,"$162,883.59 ",$69.49 ,,,
51,Sutter,202012,2315,,,4964,"$160,926.61 ",$69.51 ,,,
52,Tehama,2019,2091,46430,"$867,186.22 ",7388,"$207,436.72 ",$513.93 ,,,
52,Tehama,201901,1140,5465,"$104,184.50 ",,,$91.39 ,,,
52,Tehama,201902,1044,5160,"$97,339.84 ",,,$93.24 ,,,
52,Tehama,201903,1048,5107,"$94,812.82 ",,,$90.47 ,,,
52,Tehama,201904,1076,5223,"$97,077.75 ",,,$90.22 ,,,
52,Tehama,201905,1078,5202,"$95,875.08 ",,,$88.94 ,,,
52,Tehama,201906,1043,5255,"$94,793.89 ",,,$90.89 ,,,
52,Tehama,201907,1037,5145,"$95,894.20 ",4,$77.12 ,$92.55 ,,,
52,Tehama,201908,1017,4827,"$90,528.79 ",2,$151.52 ,$89.16 ,,,
52,Tehama,201909,930,3861,"$73,743.63 ",355,"$9,141.10 ",$89.12 ,,,
52,Tehama,201910,792,1133,"$21,731.91 ",1798,"$48,568.66 ",$88.76 ,,,
52,Tehama,201911,821,49,"$1,165.22 ",2532,"$73,425.16 ",$90.85 ,,,
52,Tehama,201912,867,3,$38.59 ,2697,"$76,073.16 ",$87.79 ,,,
52,Tehama,2020,1855,22,$612.83 ,31125,"$927,030.92 ",$500.08 ,,,
52,Tehama,202001,906,11,$352.23 ,2907,"$78,470.45 ",$87.00 ,,,
52,Tehama,202002,880,10,$238.75 ,2656,"$75,441.92 ",$86.00 ,,,
52,Tehama,202003,935,1,$21.85 ,2833,"$83,503.30 ",$89.33 ,,,
52,Tehama,202004,952,,,2481,"$78,153.07 ",$82.09 ,,,
52,Tehama,202005,945,,,2533,"$75,376.47 ",$79.76 ,,,
52,Tehama,202006,976,,,2468,"$77,537.73 ",$79.44 ,,,
52,Tehama,202007,982,,,2560,"$79,129.81 ",$80.58 ,,,
52,Tehama,202008,953,,,2497,"$76,051.45 ",$79.80 ,,,
52,Tehama,202009,962,,,2546,"$75,670.88 ",$78.66 ,,,
52,Tehama,202010,976,,,2565,"$75,153.57 ",$77.00 ,,,
52,Tehama,202011,1002,,,2589,"$77,571.94 ",$77.42 ,,,
52,Tehama,202012,961,,,2490,"$74,970.33 ",$78.01 ,,,
53,Trinity,2019,274,6338,"$128,212.78 ",1405,"$31,566.84 ",$583.14 ,,,
53,Trinity,201901,150,733,"$14,945.91 ",,,$99.64 ,,,
53,Trinity,201902,154,736,"$15,373.98 ",,,$99.83 ,,,
53,Trinity,201903,155,715,"$14,790.07 ",,,$95.42 ,,,
53,Trinity,201904,143,645,"$13,549.43 ",,,$94.75 ,,,
53,Trinity,201905,148,664,"$13,745.79 ",,,$92.88 ,,,
53,Trinity,201906,145,685,"$13,941.07 ",,,$96.15 ,,,
53,Trinity,201907,150,737,"$14,494.93 ",,,$96.63 ,,,
53,Trinity,201908,142,659,"$12,384.47 ",,,$87.21 ,,,
53,Trinity,201909,137,549,"$10,747.57 ",55,"$1,097.39 ",$86.46 ,,,
53,Trinity,201910,150,200,"$4,010.01 ",365,"$7,671.35 ",$77.88 ,,,
53,Trinity,201911,151,15,$229.55 ,474,"$11,117.45 ",$75.15 ,,,
53,Trinity,201912,158,,,511,"$11,680.65 ",$73.93 ,,,
53,Trinity,2020,275,,,5062,"$124,700.47 ",$453.46 ,,,
53,Trinity,202001,160,,,482,"$11,998.32 ",$74.99 ,,,
53,Trinity,202002,159,,,453,"$11,285.70 ",$70.98 ,,,
53,Trinity,202003,151,,,447,"$10,354.93 ",$68.58 ,,,
53,Trinity,202004,162,,,418,"$11,451.08 ",$70.69 ,,,
53,Trinity,202005,149,,,367,"$9,363.86 ",$62.84 ,,,
53,Trinity,202006,149,,,409,"$11,226.10 ",$75.34 ,,,
53,Trinity,202007,166,,,444,"$9,989.91 ",$60.18 ,,,
53,Trinity,202008,162,,,461,"$11,159.49 ",$68.89 ,,,
53,Trinity,202009,154,,,437,"$9,710.64 ",$63.06 ,,,
53,Trinity,202010,146,,,411,"$9,764.83 ",$66.88 ,,,
53,Trinity,202011,134,,,365,"$9,146.79 ",$68.26 ,,,
53,Trinity,202012,141,,,368,"$9,248.82 ",$65.59 ,,,
54,Tulare,2019,20807,739237,"$15,804,710.80 ",84,"$1,977.74 ",$759.68 ,,,
54,Tulare,201901,13081,64467,"$1,374,011.97 ",,,$105.04 ,,,
54,Tulare,201902,12890,63481,"$1,358,899.72 ",,,$105.42 ,,,
54,Tulare,201903,12815,62525,"$1,337,309.07 ",,,$104.35 ,,,
54,Tulare,201904,12818,62628,"$1,337,399.90 ",,,$104.34 ,,,
54,Tulare,201905,12963,63108,"$1,344,505.12 ",,,$103.72 ,,,
54,Tulare,201906,12778,62624,"$1,330,458.05 ",,,$104.12 ,,,
54,Tulare,201907,12869,63242,"$1,334,733.64 ",,,$103.72 ,,,
54,Tulare,201908,12706,62006,"$1,319,474.41 ",,,$103.85 ,,,
54,Tulare,201909,12485,61307,"$1,300,021.06 ",8,$200.38 ,$104.14 ,,,
54,Tulare,201910,12442,60637,"$1,293,473.24 ",6,$128.45 ,$103.97 ,,,
54,Tulare,201911,11889,57780,"$1,251,841.58 ",23,$257.41 ,$105.32 ,,,
54,Tulare,201912,11446,55432,"$1,222,583.04 ",47,"$1,391.50 ",$106.93 ,,,
54,Tulare,2020,19530,138545,"$3,021,015.92 ",271043,"$11,565,299.65 ",$746.87 ,,,
54,Tulare,202001,11597,57176,"$1,244,603.64 ",63,"$1,569.30 ",$107.46 ,,,
54,Tulare,202002,10949,48681,"$1,064,241.32 ",2908,"$101,888.89 ",$106.51 ,,,
54,Tulare,202003,10024,25122,"$544,596.23 ",13403,"$546,457.27 ",$108.84 ,,,
54,Tulare,202004,10020,7472,"$165,271.45 ",21109,"$942,137.46 ",$110.52 ,,,
54,Tulare,202005,10755,94,"$2,303.28 ",26377,"$1,158,447.95 ",$107.93 ,,,
54,Tulare,202006,11543,,,28153,"$1,215,202.56 ",$105.28 ,,,
54,Tulare,202007,11942,,,29531,"$1,250,417.18 ",$104.71 ,,,
54,Tulare,202008,12134,,,30100,"$1,279,038.79 ",$105.41 ,,,
54,Tulare,202009,11974,,,29023,"$1,247,420.57 ",$104.18 ,,,
54,Tulare,202010,12242,,,30359,"$1,276,515.50 ",$104.27 ,,,
54,Tulare,202011,12236,,,29968,"$1,265,214.37 ",$103.40 ,,,
54,Tulare,202012,12381,,,30049,"$1,280,989.81 ",$103.46 ,,,
55,Tuolumne,2019,972,19100,"$361,739.10 ",3107,"$82,538.93 ",$457.08 ,,,
55,Tuolumne,201901,508,2102,"$39,581.10 ",,,$77.92 ,,,
55,Tuolumne,201902,480,2098,"$39,598.18 ",,,$82.50 ,,,
55,Tuolumne,201903,462,2097,"$40,137.88 ",,,$86.88 ,,,
55,Tuolumne,201904,445,2083,"$39,810.95 ",,,$89.46 ,,,
55,Tuolumne,201905,445,2081,"$40,547.21 ",,,$91.12 ,,,
55,Tuolumne,201906,463,2149,"$41,496.20 ",,,$89.62 ,,,
55,Tuolumne,201907,450,2010,"$38,667.09 ",,,$85.93 ,,,
55,Tuolumne,201908,453,2071,"$39,022.79 ",,,$86.14 ,,,
55,Tuolumne,201909,383,1455,"$27,149.20 ",153,"$3,761.10 ",$80.71 ,,,
55,Tuolumne,201910,379,733,"$12,347.24 ",668,"$19,334.27 ",$83.59 ,,,
55,Tuolumne,201911,390,191,"$2,937.06 ",1068,"$27,997.72 ",$79.32 ,,,
55,Tuolumne,201912,392,30,$444.20 ,1218,"$31,445.84 ",$81.35 ,,,
55,Tuolumne,2020,863,33,$805.19 ,12719,"$373,053.61 ",$433.21 ,,,
55,Tuolumne,202001,412,8,$276.12 ,1276,"$34,112.29 ",$83.47 ,,,
55,Tuolumne,202002,383,13,$352.47 ,1089,"$31,147.07 ",$82.24 ,,,
55,Tuolumne,202003,410,9,$134.20 ,1175,"$31,815.65 ",$77.93 ,,,
55,Tuolumne,202004,394,3,$42.40 ,1054,"$31,722.75 ",$80.62 ,,,
55,Tuolumne,202005,398,,,1002,"$29,885.27 ",$75.09 ,,,
55,Tuolumne,202006,390,,,940,"$29,387.98 ",$75.35 ,,,
55,Tuolumne,202007,378,,,992,"$30,592.05 ",$80.93 ,,,
55,Tuolumne,202008,406,,,1042,"$31,680.98 ",$78.03 ,,,
55,Tuolumne,202009,391,,,1047,"$31,483.84 ",$80.52 ,,,
55,Tuolumne,202010,418,,,1071,"$30,630.00 ",$73.28 ,,,
55,Tuolumne,202011,390,,,989,"$29,271.37 ",$75.05 ,,,
55,Tuolumne,202012,399,,,1042,"$31,324.36 ",$78.51 ,,,
56,Ventura,2019,14619,504056,"$10,225,501.14 ",54,"$1,772.72 ",$699.59 ,,,
56,Ventura,201901,9047,44478,"$895,533.89 ",,,$98.99 ,,,
56,Ventura,201902,9068,44677,"$898,715.24 ",,,$99.11 ,,,
56,Ventura,201903,8963,43612,"$882,349.32 ",,,$98.44 ,,,
56,Ventura,201904,8864,43666,"$883,652.81 ",,,$99.69 ,,,
56,Ventura,201905,8842,43032,"$873,005.17 ",,,$98.73 ,,,
56,Ventura,201906,8689,42744,"$864,941.78 ",,,$99.54 ,,,
56,Ventura,201907,8774,42608,"$863,899.60 ",,,$98.46 ,,,
56,Ventura,201908,8643,41656,"$844,453.33 ",,,$97.70 ,,,
56,Ventura,201909,8466,40999,"$830,318.57 ",1,$37.98 ,$98.08 ,,,
56,Ventura,201910,8349,40188,"$815,724.38 ",2,$43.35 ,$97.71 ,,,
56,Ventura,201911,8031,38538,"$788,398.03 ",12,$639.54 ,$98.25 ,,,
56,Ventura,201912,7869,37858,"$784,509.02 ",39,"$1,051.85 ",$99.83 ,,,
56,Ventura,2020,13854,47610,"$971,037.62 ",246031,"$9,182,790.99 ",$732.92 ,,,
56,Ventura,202001,8052,31552,"$647,702.32 ",4534,"$159,968.80 ",$100.31 ,,,
56,Ventura,202002,7768,12781,"$257,242.35 ",15279,"$525,691.34 ",$100.79 ,,,
56,Ventura,202003,8038,3242,"$65,244.19 ",21624,"$766,382.75 ",$103.46 ,,,
56,Ventura,202004,8279,27,$727.10 ,21356,"$838,043.77 ",$101.31 ,,,
56,Ventura,202005,8593,8,$121.66 ,22199,"$845,782.75 ",$98.44 ,,,
56,Ventura,202006,8687,,,22131,"$844,436.11 ",$97.21 ,,,
56,Ventura,202007,8915,,,23026,"$861,512.42 ",$96.64 ,,,
56,Ventura,202008,9034,,,23361,"$874,078.28 ",$96.75 ,,,
56,Ventura,202009,8970,,,22958,"$860,149.21 ",$95.89 ,,,
56,Ventura,202010,9119,,,23345,"$871,078.62 ",$95.52 ,,,
56,Ventura,202011,8994,,,22928,"$857,560.68 ",$95.35 ,,,
56,Ventura,202012,9170,,,23290,"$878,106.26 ",$95.76 ,,,
57,Yolo,2019,4782,89623,"$1,703,673.63 ",15962,"$418,387.73 ",$443.76 ,,,
57,Yolo,201901,2141,9852,"$187,581.21 ",,,$87.61 ,,,
57,Yolo,201902,2113,9855,"$188,453.80 ",,,$89.19 ,,,
57,Yolo,201903,2120,9675,"$186,246.35 ",,,$87.85 ,,,
57,Yolo,201904,2144,9869,"$189,574.27 ",,,$88.42 ,,,
57,Yolo,201905,2179,10069,"$191,499.41 ",,,$87.88 ,,,
57,Yolo,201906,2154,9825,"$187,886.29 ",9,$200.85 ,$87.32 ,,,
57,Yolo,201907,2087,9518,"$179,648.43 ",5,$238.42 ,$86.19 ,,,
57,Yolo,201908,2002,9029,"$170,143.78 ",14,$507.57 ,$85.24 ,,,
57,Yolo,201909,1992,7971,"$147,766.75 ",713,"$18,741.56 ",$83.59 ,,,
57,Yolo,201910,1955,3288,"$62,502.92 ",3995,"$98,624.30 ",$82.42 ,,,
57,Yolo,201911,1921,647,"$11,961.57 ",5398,"$143,142.22 ",$80.74 ,,,
57,Yolo,201912,1966,25,$408.85 ,5828,"$156,932.81 ",$80.03 ,,,
57,Yolo,2020,5053,75,"$1,675.27 ",66665,"$2,043,611.91 ",$404.77 ,,,
57,Yolo,202001,2039,18,$422.65 ,6132,"$165,936.29 ",$81.59 ,,,
57,Yolo,202002,1966,34,$717.14 ,5653,"$159,416.65 ",$81.45 ,,,
57,Yolo,202003,2120,7,$80.29 ,5953,"$175,091.43 ",$82.63 ,,,
57,Yolo,202004,2128,12,$288.24 ,5320,"$170,295.48 ",$80.16 ,,,
57,Yolo,202005,2129,4,$166.95 ,5322,"$169,821.53 ",$79.84 ,,,
57,Yolo,202006,2156,,,5249,"$167,723.28 ",$77.79 ,,,
57,Yolo,202007,2228,,,5448,"$171,994.88 ",$77.20 ,,,
57,Yolo,202008,2248,,,5494,"$174,038.81 ",$77.42 ,,,
57,Yolo,202009,2258,,,5354,"$170,135.55 ",$75.35 ,,,
57,Yolo,202010,2312,,,5585,"$170,334.63 ",$73.67 ,,,
57,Yolo,202011,2356,,,5555,"$173,526.79 ",$73.65 ,,,
57,Yolo,202012,2379,,,5600,"$175,296.59 ",$73.68 ,,,
58,Yuba,2019,3449,76182,"$1,419,209.61 ",10321,"$340,534.03 ",$510.22 ,,,
58,Yuba,201901,1727,8156,"$152,887.05 ",,,$88.53 ,,,
58,Yuba,201902,1736,8240,"$156,817.14 ",,,$90.33 ,,,
58,Yuba,201903,1689,8029,"$147,663.94 ",,,$87.43 ,,,
58,Yuba,201904,1703,8244,"$151,322.83 ",,,$88.86 ,,,
58,Yuba,201905,1736,8331,"$155,418.34 ",,,$89.53 ,,,
58,Yuba,201906,1684,8144,"$152,953.68 ",,,$90.83 ,,,
58,Yuba,201907,1721,8305,"$155,019.07 ",,,$90.07 ,,,
58,Yuba,201908,1739,8343,"$152,420.31 ",,,$87.65 ,,,
58,Yuba,201909,1604,6974,"$132,233.58 ",381,"$12,687.96 ",$90.35 ,,,
58,Yuba,201910,1534,2675,"$49,451.55 ",2578,"$81,574.44 ",$85.41 ,,,
58,Yuba,201911,1518,720,"$12,578.04 ",3452,"$113,678.60 ",$83.17 ,,,
58,Yuba,201912,1540,21,$444.08 ,3910,"$132,593.03 ",$86.39 ,,,
58,Yuba,2020,3314,59,"$1,392.71 ",43940,"$1,632,759.80 ",$493.11 ,,,
58,Yuba,202001,1604,23,$552.15 ,4143,"$138,866.08 ",$86.92 ,,,
58,Yuba,202002,1613,32,$566.02 ,4019,"$136,462.29 ",$84.95 ,,,
58,Yuba,202003,1752,3,$154.91 ,4309,"$152,054.70 ",$86.88 ,,,
58,Yuba,202004,1721,1,$119.63 ,3798,"$146,238.93 ",$85.04 ,,,
58,Yuba,202005,1711,,,3637,"$139,485.90 ",$81.52 ,,,
58,Yuba,202006,1628,,,3461,"$136,641.79 ",$83.93 ,,,
58,Yuba,202007,1659,,,3618,"$135,573.41 ",$81.72 ,,,
58,Yuba,202008,1682,,,3500,"$133,304.80 ",$79.25 ,,,
58,Yuba,202009,1611,,,3324,"$129,252.46 ",$80.23 ,,,
58,Yuba,202010,1599,,,3446,"$129,509.25 ",$80.99 ,,,
58,Yuba,202011,1627,,,3411,"$129,719.53 ",$79.73 ,,,
58,Yuba,202012,1591,,,3274,"$125,650.66 ",$78.98 ,,,
