Vendor County Code,Vendor County,Obligation Year and Month,Number of Families Redeemed,Number of EBT Transactions,Dollar Amount of EBT Transactions,Average Cost per Family,Statewide Infant Formula Rebate,Total Cost Adjusted,Average Cost Adjusted
0,Statewide,2021,763422,18138989,"$730,343,291.12 ",$956.67 ,"$195,078,184.18 ","$535,265,106.94 ",$701.14 
0,Statewide,202101,550156,1391413,"$56,101,403.97 ",$101.97 ,"$17,097,830.72 ","$39,003,573.26 ",$70.90 
0,Statewide,202102,537164,1288757,"$53,880,972.70 ",$100.31 ,"$15,342,969.80 ","$38,538,002.90 ",$71.74 
0,Statewide,202103,536200,1292066,"$53,821,712.73 ",$100.38 ,"$17,620,762.93 ","$36,200,949.80 ",$67.51 
0,Statewide,202104,531643,1273326,"$53,104,450.07 ",$99.89 ,"$16,169,495.21 ","$36,934,954.86 ",$69.47 
0,Statewide,202105,533056,1323753,"$52,851,696.62 ",$99.15 ,"$16,347,118.65 ","$36,504,577.97 ",$68.48 
0,Statewide,202106,548736,1671662,"$66,867,171.54 ",$121.86 ,"$16,128,393.53 ","$50,738,778.01 ",$92.46 
0,Statewide,202107,550092,1698088,"$67,293,579.37 ",$122.33 ,"$16,402,757.40 ","$50,890,821.97 ",$92.51 
0,Statewide,202108,557164,1735761,"$67,882,746.87 ",$121.84 ,"$16,133,188.05 ","$51,749,558.82 ",$92.88 
0,Statewide,202109,557569,1732128,"$68,290,261.87 ",$122.48 ,"$15,701,000.20 ","$52,589,261.67 ",$94.32 
0,Statewide,202110,549048,1630008,"$63,992,134.64 ",$116.55 ,"$16,360,760.23 ","$47,631,374.41 ",$86.75 
0,Statewide,202111,534626,1539948,"$62,502,064.41 ",$116.91 ,"$15,397,502.04 ","$47,104,562.38 ",$88.11 
0,Statewide,202112,535641,1562079,"$63,755,096.33 ",$119.03 ,"$16,376,405.44 ","$47,378,690.90 ",$88.45 
1,Alameda,2021,24152,415571,"$20,937,474.85 ",$866.90 ,,,
1,Alameda,202101,14499,32049,"$1,639,237.02 ",$113.06 ,,,
1,Alameda,202102,14071,29645,"$1,586,100.77 ",$112.72 ,,,
1,Alameda,202103,14079,30027,"$1,588,445.78 ",$112.82 ,,,
1,Alameda,202104,13817,29238,"$1,531,776.27 ",$110.86 ,,,
1,Alameda,202105,14230,30790,"$1,564,635.39 ",$109.95 ,,,
1,Alameda,202106,14711,38278,"$1,899,853.93 ",$129.15 ,,,
1,Alameda,202107,14742,38763,"$1,901,955.87 ",$129.02 ,,,
1,Alameda,202108,14834,39671,"$1,924,648.48 ",$129.75 ,,,
1,Alameda,202109,14787,38974,"$1,917,589.94 ",$129.68 ,,,
1,Alameda,202110,14681,37493,"$1,816,643.42 ",$123.74 ,,,
1,Alameda,202111,14268,35256,"$1,761,268.40 ",$123.44 ,,,
1,Alameda,202112,14241,35387,"$1,805,319.58 ",$126.77 ,,,
3,Amador,2021,795,11905,"$351,582.37 ",$442.24 ,,,
3,Amador,202101,349,847,"$24,635.81 ",$70.59 ,,,
3,Amador,202102,355,808,"$24,295.57 ",$68.44 ,,,
3,Amador,202103,340,821,"$22,408.51 ",$65.91 ,,,
3,Amador,202104,337,773,"$22,731.20 ",$67.45 ,,,
3,Amador,202105,356,899,"$24,460.24 ",$68.71 ,,,
3,Amador,202106,391,1125,"$34,174.56 ",$87.40 ,,,
3,Amador,202107,365,1088,"$32,685.26 ",$89.55 ,,,
3,Amador,202108,359,1127,"$32,959.45 ",$91.81 ,,,
3,Amador,202109,392,1208,"$36,955.65 ",$94.27 ,,,
3,Amador,202110,374,1126,"$31,958.27 ",$85.45 ,,,
3,Amador,202111,377,1017,"$31,562.78 ",$83.72 ,,,
3,Amador,202112,361,1066,"$32,755.07 ",$90.73 ,,,
4,Butte,2021,5188,84587,"$3,006,750.64 ",$579.56 ,,,
4,Butte,202101,2706,6461,"$226,703.28 ",$83.78 ,,,
4,Butte,202102,2656,5871,"$217,629.89 ",$81.94 ,,,
4,Butte,202103,2613,5807,"$209,633.33 ",$80.23 ,,,
4,Butte,202104,2558,5820,"$203,276.89 ",$79.47 ,,,
4,Butte,202105,2691,6357,"$215,953.98 ",$80.25 ,,,
4,Butte,202106,2892,8022,"$289,825.63 ",$100.22 ,,,
4,Butte,202107,2848,7949,"$285,164.14 ",$100.13 ,,,
4,Butte,202108,2920,8279,"$293,375.96 ",$100.47 ,,,
4,Butte,202109,2922,8234,"$294,261.13 ",$100.71 ,,,
4,Butte,202110,2816,7588,"$267,226.10 ",$94.90 ,,,
4,Butte,202111,2683,7164,"$257,465.95 ",$95.96 ,,,
4,Butte,202112,2627,7035,"$246,234.36 ",$93.73 ,,,
5,Calaveras,2021,536,6908,"$197,696.00 ",$368.84 ,,,
5,Calaveras,202101,221,535,"$15,738.68 ",$71.22 ,,,
5,Calaveras,202102,203,470,"$13,316.78 ",$65.60 ,,,
5,Calaveras,202103,193,485,"$12,667.02 ",$65.63 ,,,
5,Calaveras,202104,203,475,"$14,578.86 ",$71.82 ,,,
5,Calaveras,202105,209,490,"$13,707.75 ",$65.59 ,,,
5,Calaveras,202106,226,599,"$17,351.72 ",$76.78 ,,,
5,Calaveras,202107,218,593,"$16,694.49 ",$76.58 ,,,
5,Calaveras,202108,217,590,"$16,441.92 ",$75.77 ,,,
5,Calaveras,202109,235,728,"$20,580.72 ",$87.58 ,,,
5,Calaveras,202110,230,664,"$18,162.96 ",$78.97 ,,,
5,Calaveras,202111,231,637,"$18,238.66 ",$78.96 ,,,
5,Calaveras,202112,236,642,"$20,216.44 ",$85.66 ,,,
6,Colusa,2021,821,16426,"$527,820.81 ",$642.90 ,,,
6,Colusa,202101,492,1287,"$42,356.19 ",$86.09 ,,,
6,Colusa,202102,488,1197,"$40,503.35 ",$83.00 ,,,
6,Colusa,202103,487,1179,"$39,861.36 ",$81.85 ,,,
6,Colusa,202104,505,1241,"$41,518.91 ",$82.22 ,,,
6,Colusa,202105,513,1308,"$40,278.53 ",$78.52 ,,,
6,Colusa,202106,531,1516,"$47,864.17 ",$90.14 ,,,
6,Colusa,202107,517,1541,"$47,817.41 ",$92.49 ,,,
6,Colusa,202108,514,1553,"$48,222.35 ",$93.82 ,,,
6,Colusa,202109,491,1477,"$47,157.32 ",$96.04 ,,,
6,Colusa,202110,503,1425,"$46,162.49 ",$91.77 ,,,
6,Colusa,202111,463,1335,"$42,979.45 ",$92.83 ,,,
6,Colusa,202112,478,1367,"$43,099.28 ",$90.17 ,,,
7,Contra Costa,2021,18293,318243,"$13,111,505.01 ",$716.75 ,,,
7,Contra Costa,202101,10392,23834,"$980,881.29 ",$94.39 ,,,
7,Contra Costa,202102,10134,22054,"$941,828.24 ",$92.94 ,,,
7,Contra Costa,202103,10200,22431,"$943,262.36 ",$92.48 ,,,
7,Contra Costa,202104,10318,22211,"$948,027.24 ",$91.88 ,,,
7,Contra Costa,202105,10246,22966,"$932,122.85 ",$90.97 ,,,
7,Contra Costa,202106,10688,28609,"$1,179,110.83 ",$110.32 ,,,
7,Contra Costa,202107,10769,29531,"$1,196,112.56 ",$111.07 ,,,
7,Contra Costa,202108,10935,30485,"$1,219,562.47 ",$111.53 ,,,
7,Contra Costa,202109,11026,30607,"$1,241,390.99 ",$112.59 ,,,
7,Contra Costa,202110,10951,29350,"$1,183,604.66 ",$108.08 ,,,
7,Contra Costa,202111,10749,27822,"$1,159,124.15 ",$107.84 ,,,
7,Contra Costa,202112,10850,28343,"$1,186,477.37 ",$109.35 ,,,
8,Del Norte,2021, - , - , - , - ,,,
8,Del Norte,202101, - , - , - , - ,,,
8,Del Norte,202102, - , - , - , - ,,,
8,Del Norte,202103, - , - , - , - ,,,
8,Del Norte,202104, - , - , - , - ,,,
8,Del Norte,202105, - , - , - , - ,,,
8,Del Norte,202106, - , - , - , - ,,,
8,Del Norte,202107, - , - , - , - ,,,
8,Del Norte,202108, - , - , - , - ,,,
8,Del Norte,202109, - , - , - , - ,,,
8,Del Norte,202110, - , - , - , - ,,,
8,Del Norte,202111, - , - , - , - ,,,
8,Del Norte,202112, - , - , - , - ,,,
9,El Dorado,2021,1938,26631,"$852,418.64 ",$439.84 ,,,
9,El Dorado,202101,909,2100,"$67,284.40 ",$74.02 ,,,
9,El Dorado,202102,849,1884,"$63,470.28 ",$74.76 ,,,
9,El Dorado,202103,870,1957,"$65,482.90 ",$75.27 ,,,
9,El Dorado,202104,839,1890,"$61,784.77 ",$73.64 ,,,
9,El Dorado,202105,896,2032,"$61,516.39 ",$68.66 ,,,
9,El Dorado,202106,951,2509,"$83,084.62 ",$87.37 ,,,
9,El Dorado,202107,946,2452,"$79,237.06 ",$83.76 ,,,
9,El Dorado,202108,857,2237,"$73,584.60 ",$85.86 ,,,
9,El Dorado,202109,898,2553,"$81,487.01 ",$90.74 ,,,
9,El Dorado,202110,905,2471,"$72,743.88 ",$80.38 ,,,
9,El Dorado,202111,870,2293,"$70,264.98 ",$80.76 ,,,
9,El Dorado,202112,868,2253,"$72,477.75 ",$83.50 ,,,
10,Fresno,2021,42419,893930,"$36,738,783.54 ",$866.09 ,,,
10,Fresno,202101,28232,69261,"$2,885,327.67 ",$102.20 ,,,
10,Fresno,202102,27185,62970,"$2,729,316.84 ",$100.40 ,,,
10,Fresno,202103,27048,62748,"$2,703,697.93 ",$99.96 ,,,
10,Fresno,202104,26845,62407,"$2,668,615.94 ",$99.41 ,,,
10,Fresno,202105,27076,64827,"$2,683,942.82 ",$99.13 ,,,
10,Fresno,202106,28254,83739,"$3,391,245.91 ",$120.03 ,,,
10,Fresno,202107,28246,84862,"$3,379,809.49 ",$119.66 ,,,
10,Fresno,202108,28552,87426,"$3,426,166.86 ",$120.00 ,,,
10,Fresno,202109,28139,85655,"$3,409,675.60 ",$121.17 ,,,
10,Fresno,202110,27576,79586,"$3,180,295.57 ",$115.33 ,,,
10,Fresno,202111,26851,75086,"$3,116,832.62 ",$116.08 ,,,
10,Fresno,202112,26776,75363,"$3,163,856.29 ",$118.16 ,,,
11,Glenn,2021,1374,21201,"$563,160.86 ",$409.87 ,,,
11,Glenn,202101,648,1624,"$39,976.09 ",$61.69 ,,,
11,Glenn,202102,637,1500,"$38,479.10 ",$60.41 ,,,
11,Glenn,202103,637,1543,"$39,339.51 ",$61.76 ,,,
11,Glenn,202104,623,1446,"$36,989.80 ",$59.37 ,,,
11,Glenn,202105,648,1508,"$37,380.46 ",$57.69 ,,,
11,Glenn,202106,698,1961,"$52,237.42 ",$74.84 ,,,
11,Glenn,202107,692,2026,"$54,224.82 ",$78.36 ,,,
11,Glenn,202108,698,1938,"$54,112.53 ",$77.53 ,,,
11,Glenn,202109,710,2036,"$55,370.46 ",$77.99 ,,,
11,Glenn,202110,695,1880,"$51,830.28 ",$74.58 ,,,
11,Glenn,202111,698,1920,"$51,577.77 ",$73.89 ,,,
11,Glenn,202112,697,1819,"$51,642.62 ",$74.09 ,,,
12,Humboldt,2021,2593,51961,"$1,564,613.92 ",$603.40 ,,,
12,Humboldt,202101,1574,4125,"$120,868.66 ",$76.79 ,,,
12,Humboldt,202102,1480,3738,"$111,609.70 ",$75.41 ,,,
12,Humboldt,202103,1496,3729,"$109,601.51 ",$73.26 ,,,
12,Humboldt,202104,1462,3648,"$108,945.67 ",$74.52 ,,,
12,Humboldt,202105,1471,3739,"$107,296.05 ",$72.94 ,,,
12,Humboldt,202106,1507,4442,"$143,560.95 ",$95.26 ,,,
12,Humboldt,202107,1488,4468,"$142,581.15 ",$95.82 ,,,
12,Humboldt,202108,1506,4722,"$145,475.06 ",$96.60 ,,,
12,Humboldt,202109,1561,4996,"$151,184.21 ",$96.85 ,,,
12,Humboldt,202110,1531,4904,"$142,339.90 ",$92.97 ,,,
12,Humboldt,202111,1529,4641,"$140,955.69 ",$92.19 ,,,
12,Humboldt,202112,1514,4809,"$140,195.37 ",$92.60 ,,,
13,Imperial,2021,5997,119566,"$4,476,548.01 ",$746.46 ,,,
13,Imperial,202101,3485,9227,"$344,777.37 ",$98.93 ,,,
13,Imperial,202102,3422,8312,"$331,779.84 ",$96.95 ,,,
13,Imperial,202103,3323,8213,"$324,824.93 ",$97.75 ,,,
13,Imperial,202104,3223,7982,"$313,066.76 ",$97.14 ,,,
13,Imperial,202105,3244,8213,"$313,502.71 ",$96.64 ,,,
13,Imperial,202106,3364,10364,"$388,900.94 ",$115.61 ,,,
13,Imperial,202107,3391,10733,"$398,898.31 ",$117.63 ,,,
13,Imperial,202108,3543,11477,"$414,204.56 ",$116.91 ,,,
13,Imperial,202109,3592,11859,"$424,527.04 ",$118.19 ,,,
13,Imperial,202110,3601,11281,"$405,944.57 ",$112.73 ,,,
13,Imperial,202111,3565,10702,"$401,695.59 ",$112.68 ,,,
13,Imperial,202112,3609,11203,"$414,425.39 ",$114.83 ,,,
14,Inyo,2021,379,6031,"$189,121.18 ",$499.00 ,,,
14,Inyo,202101,181,488,"$14,962.93 ",$82.67 ,,,
14,Inyo,202102,181,450,"$14,146.56 ",$78.16 ,,,
14,Inyo,202103,191,465,"$14,389.19 ",$75.34 ,,,
14,Inyo,202104,173,442,"$12,927.85 ",$74.73 ,,,
14,Inyo,202105,166,437,"$12,385.80 ",$74.61 ,,,
14,Inyo,202106,193,551,"$18,376.57 ",$95.22 ,,,
14,Inyo,202107,199,553,"$18,359.38 ",$92.26 ,,,
14,Inyo,202108,186,548,"$17,783.33 ",$95.61 ,,,
14,Inyo,202109,182,542,"$17,088.66 ",$93.89 ,,,
14,Inyo,202110,185,557,"$16,451.10 ",$88.92 ,,,
14,Inyo,202111,177,514,"$16,163.74 ",$91.32 ,,,
14,Inyo,202112,172,484,"$16,086.07 ",$93.52 ,,,
15,Kern,2021,37896,816184,"$33,380,831.66 ",$880.85 ,,,
15,Kern,202101,25465,63746,"$2,645,697.91 ",$103.90 ,,,
15,Kern,202102,24728,58182,"$2,501,496.09 ",$101.16 ,,,
15,Kern,202103,24579,58022,"$2,481,471.35 ",$100.96 ,,,
15,Kern,202104,23883,56055,"$2,386,513.92 ",$99.93 ,,,
15,Kern,202105,24353,59431,"$2,452,345.57 ",$100.70 ,,,
15,Kern,202106,25133,74402,"$3,039,660.70 ",$120.94 ,,,
15,Kern,202107,25319,77343,"$3,069,264.34 ",$121.22 ,,,
15,Kern,202108,25542,78801,"$3,091,743.83 ",$121.05 ,,,
15,Kern,202109,25464,78424,"$3,089,734.01 ",$121.34 ,,,
15,Kern,202110,24831,72687,"$2,879,141.91 ",$115.95 ,,,
15,Kern,202111,24003,68346,"$2,826,673.13 ",$117.76 ,,,
15,Kern,202112,24266,70745,"$2,917,088.90 ",$120.21 ,,,
16,Kings,2021,7393,154817,"$5,629,188.72 ",$761.42 ,,,
16,Kings,202101,4425,11332,"$435,134.94 ",$98.34 ,,,
16,Kings,202102,4332,10446,"$418,193.71 ",$96.54 ,,,
16,Kings,202103,4343,10433,"$413,597.41 ",$95.23 ,,,
16,Kings,202104,4326,10486,"$408,633.81 ",$94.46 ,,,
16,Kings,202105,4399,11085,"$414,814.22 ",$94.30 ,,,
16,Kings,202106,4622,14340,"$522,720.82 ",$113.09 ,,,
16,Kings,202107,4695,14933,"$525,268.19 ",$111.88 ,,,
16,Kings,202108,4640,15110,"$526,847.86 ",$113.54 ,,,
16,Kings,202109,4617,15032,"$519,544.46 ",$112.53 ,,,
16,Kings,202110,4551,14185,"$489,527.43 ",$107.56 ,,,
16,Kings,202111,4399,13754,"$478,297.78 ",$108.73 ,,,
16,Kings,202112,4404,13681,"$476,608.09 ",$108.22 ,,,
17,Lake,2021,1991,40629,"$1,356,955.43 ",$681.54 ,,,
17,Lake,202101,1249,3149,"$108,280.11 ",$86.69 ,,,
17,Lake,202102,1186,2866,"$100,908.56 ",$85.08 ,,,
17,Lake,202103,1155,2809,"$97,831.55 ",$84.70 ,,,
17,Lake,202104,1164,2873,"$99,055.41 ",$85.10 ,,,
17,Lake,202105,1206,3199,"$103,730.17 ",$86.01 ,,,
17,Lake,202106,1221,3633,"$125,556.36 ",$102.83 ,,,
17,Lake,202107,1236,3758,"$126,575.83 ",$102.41 ,,,
17,Lake,202108,1232,3837,"$127,531.48 ",$103.52 ,,,
17,Lake,202109,1211,3846,"$124,659.18 ",$102.94 ,,,
17,Lake,202110,1181,3627,"$114,814.35 ",$97.22 ,,,
17,Lake,202111,1149,3458,"$111,345.58 ",$96.91 ,,,
17,Lake,202112,1161,3574,"$116,666.85 ",$100.49 ,,,
18,Lassen,2021,488,8103,"$280,295.69 ",$574.38 ,,,
18,Lassen,202101,241,597,"$21,955.51 ",$91.10 ,,,
18,Lassen,202102,213,530,"$18,924.54 ",$88.85 ,,,
18,Lassen,202103,226,542,"$19,487.94 ",$86.23 ,,,
18,Lassen,202104,220,552,"$19,366.52 ",$88.03 ,,,
18,Lassen,202105,236,591,"$19,900.90 ",$84.33 ,,,
18,Lassen,202106,253,738,"$26,185.84 ",$103.50 ,,,
18,Lassen,202107,252,711,"$26,158.35 ",$103.80 ,,,
18,Lassen,202108,244,778,"$26,410.80 ",$108.24 ,,,
18,Lassen,202109,243,806,"$25,909.72 ",$106.62 ,,,
18,Lassen,202110,250,764,"$24,316.27 ",$97.27 ,,,
18,Lassen,202111,254,724,"$25,790.84 ",$101.54 ,,,
18,Lassen,202112,262,770,"$25,888.46 ",$98.81 ,,,
19,Los Angeles,2021,239052,5363086,"$208,848,814.15 ",$873.65 ,,,
19,Los Angeles,202101,164931,416110,"$16,055,496.65 ",$97.35 ,,,
19,Los Angeles,202102,160582,386267,"$15,378,073.66 ",$95.76 ,,,
19,Los Angeles,202103,159595,385487,"$15,345,746.48 ",$96.15 ,,,
19,Los Angeles,202104,157930,378299,"$15,069,283.78 ",$95.42 ,,,
19,Los Angeles,202105,159042,394143,"$15,072,193.65 ",$94.77 ,,,
19,Los Angeles,202106,164976,498066,"$19,206,223.24 ",$116.42 ,,,
19,Los Angeles,202107,164403,499363,"$19,301,569.90 ",$117.40 ,,,
19,Los Angeles,202108,165850,507678,"$19,380,756.51 ",$116.86 ,,,
19,Los Angeles,202109,166196,509212,"$19,575,639.74 ",$117.79 ,,,
19,Los Angeles,202110,163766,479077,"$18,360,325.98 ",$112.11 ,,,
19,Los Angeles,202111,159398,451782,"$17,852,915.83 ",$112.00 ,,,
19,Los Angeles,202112,160238,457602,"$18,250,588.73 ",$113.90 ,,,
20,Madera,2021,7701,127433,"$6,075,180.52 ",$788.88 ,,,
20,Madera,202101,4493,9944,"$477,143.57 ",$106.20 ,,,
20,Madera,202102,4385,9249,"$457,904.47 ",$104.43 ,,,
20,Madera,202103,4421,9410,"$460,326.93 ",$104.12 ,,,
20,Madera,202104,4574,9541,"$466,552.82 ",$102.00 ,,,
20,Madera,202105,4331,9341,"$451,376.73 ",$104.22 ,,,
20,Madera,202106,4451,11771,"$556,995.38 ",$125.14 ,,,
20,Madera,202107,4499,12021,"$549,990.85 ",$122.25 ,,,
20,Madera,202108,4591,12081,"$566,877.85 ",$123.48 ,,,
20,Madera,202109,4477,11715,"$548,747.79 ",$122.57 ,,,
20,Madera,202110,4381,10859,"$510,542.56 ",$116.54 ,,,
20,Madera,202111,4398,10732,"$512,529.42 ",$116.54 ,,,
20,Madera,202112,4401,10769,"$516,192.15 ",$117.29 ,,,
21,Marin,2021,2662,44145,"$1,769,868.64 ",$664.86 ,,,
21,Marin,202101,1444,3213,"$121,950.69 ",$84.45 ,,,
21,Marin,202102,1449,3076,"$116,250.97 ",$80.23 ,,,
21,Marin,202103,1453,3054,"$118,011.08 ",$81.22 ,,,
21,Marin,202104,1444,2999,"$116,419.55 ",$80.62 ,,,
21,Marin,202105,1452,3085,"$117,841.10 ",$81.16 ,,,
21,Marin,202106,1552,3974,"$161,919.48 ",$104.33 ,,,
21,Marin,202107,1598,4176,"$169,198.54 ",$105.88 ,,,
21,Marin,202108,1651,4333,"$171,070.57 ",$103.62 ,,,
21,Marin,202109,1656,4146,"$173,020.43 ",$104.48 ,,,
21,Marin,202110,1658,4142,"$168,893.63 ",$101.87 ,,,
21,Marin,202111,1642,3899,"$163,606.96 ",$99.64 ,,,
21,Marin,202112,1682,4048,"$171,685.64 ",$102.07 ,,,
22,Mariposa,2021, - , - , - , - ,,,
22,Mariposa,202101, - , - , - , - ,,,
22,Mariposa,202102, - , - , - , - ,,,
22,Mariposa,202103, - , - , - , - ,,,
22,Mariposa,202104, - , - , - , - ,,,
22,Mariposa,202105, - , - , - , - ,,,
22,Mariposa,202106, - , - , - , - ,,,
22,Mariposa,202107, - , - , - , - ,,,
22,Mariposa,202108, - , - , - , - ,,,
22,Mariposa,202109, - , - , - , - ,,,
22,Mariposa,202110, - , - , - , - ,,,
22,Mariposa,202111, - , - , - , - ,,,
22,Mariposa,202112, - , - , - , - ,,,
23,Mendocino,2021,2251,40232,"$1,332,692.94 ",$592.04 ,,,
23,Mendocino,202101,1239,3096,"$100,014.98 ",$80.72 ,,,
23,Mendocino,202102,1194,2782,"$91,447.68 ",$76.59 ,,,
23,Mendocino,202103,1221,2913,"$97,379.59 ",$79.75 ,,,
23,Mendocino,202104,1199,2804,"$93,570.46 ",$78.04 ,,,
23,Mendocino,202105,1219,2902,"$94,391.45 ",$77.43 ,,,
23,Mendocino,202106,1283,3528,"$121,705.48 ",$94.86 ,,,
23,Mendocino,202107,1292,3677,"$124,616.93 ",$96.45 ,,,
23,Mendocino,202108,1303,3792,"$126,662.63 ",$97.21 ,,,
23,Mendocino,202109,1301,3839,"$127,369.62 ",$97.90 ,,,
23,Mendocino,202110,1265,3764,"$118,299.38 ",$93.52 ,,,
23,Mendocino,202111,1244,3514,"$117,676.12 ",$94.59 ,,,
23,Mendocino,202112,1247,3621,"$119,558.62 ",$95.88 ,,,
24,Merced,2021,13418,266961,"$10,380,051.91 ",$773.59 ,,,
24,Merced,202101,8354,20044,"$797,386.02 ",$95.45 ,,,
24,Merced,202102,8060,18629,"$760,306.99 ",$94.33 ,,,
24,Merced,202103,8069,18510,"$750,081.97 ",$92.96 ,,,
24,Merced,202104,8027,18355,"$737,885.87 ",$91.93 ,,,
24,Merced,202105,8230,19556,"$747,606.62 ",$90.84 ,,,
24,Merced,202106,8498,24932,"$957,841.21 ",$112.71 ,,,
24,Merced,202107,8658,25809,"$969,288.26 ",$111.95 ,,,
24,Merced,202108,8715,26281,"$979,187.41 ",$112.36 ,,,
24,Merced,202109,8679,26107,"$989,427.59 ",$114.00 ,,,
24,Merced,202110,8433,23969,"$911,210.51 ",$108.05 ,,,
24,Merced,202111,8095,22386,"$881,812.93 ",$108.93 ,,,
24,Merced,202112,8017,22383,"$898,016.53 ",$112.01 ,,,
25,Modoc,2021,133,2644,"$94,188.88 ",$708.19 ,,,
25,Modoc,202101,71,186,"$6,547.87 ",$92.22 ,,,
25,Modoc,202102,61,139,"$5,155.20 ",$84.51 ,,,
25,Modoc,202103, - , - , - , - ,,,
25,Modoc,202104,66,162,"$6,438.08 ",$97.55 ,,,
25,Modoc,202105,79,217,"$6,795.14 ",$86.01 ,,,
25,Modoc,202106,80,272,"$8,959.14 ",$111.99 ,,,
25,Modoc,202107,79,250,"$8,811.74 ",$111.54 ,,,
25,Modoc,202108,88,277,"$9,475.95 ",$107.68 ,,,
25,Modoc,202109,82,264,"$9,366.88 ",$114.23 ,,,
25,Modoc,202110,78,239,"$9,001.22 ",$115.40 ,,,
25,Modoc,202111,76,228,"$8,391.81 ",$110.42 ,,,
25,Modoc,202112,80,237,"$8,860.35 ",$110.75 ,,,
26,Mono,2021, - , - , - , - ,,,
26,Mono,202101, - , - , - , - ,,,
26,Mono,202102, - , - , - , - ,,,
26,Mono,202103, - , - , - , - ,,,
26,Mono,202104, - , - , - , - ,,,
26,Mono,202105, - , - , - , - ,,,
26,Mono,202106, - , - , - , - ,,,
26,Mono,202107, - , - , - , - ,,,
26,Mono,202108, - , - , - , - ,,,
26,Mono,202109, - , - , - , - ,,,
26,Mono,202110, - , - , - , - ,,,
26,Mono,202111, - , - , - , - ,,,
26,Mono,202112, - , - , - , - ,,,
27,Monterey,2021,15429,246465,"$12,139,262.27 ",$786.78 ,,,
27,Monterey,202101,8532,17907,"$882,236.73 ",$103.40 ,,,
27,Monterey,202102,8633,17258,"$861,983.19 ",$99.85 ,,,
27,Monterey,202103,9065,18146,"$898,682.42 ",$99.14 ,,,
27,Monterey,202104,9948,18760,"$966,222.04 ",$97.13 ,,,
27,Monterey,202105,8808,18015,"$863,111.41 ",$97.99 ,,,
27,Monterey,202106,9176,23530,"$1,125,503.55 ",$122.66 ,,,
27,Monterey,202107,9111,23458,"$1,129,129.89 ",$123.93 ,,,
27,Monterey,202108,9199,23500,"$1,133,862.37 ",$123.26 ,,,
27,Monterey,202109,9001,22893,"$1,129,158.57 ",$125.45 ,,,
27,Monterey,202110,8764,21546,"$1,059,244.53 ",$120.86 ,,,
27,Monterey,202111,8636,20876,"$1,044,056.56 ",$120.90 ,,,
27,Monterey,202112,8495,20576,"$1,046,071.01 ",$123.14 ,,,
28,Napa,2021,3014,44732,"$1,399,438.29 ",$464.31 ,,,
28,Napa,202101,1300,3295,"$103,818.57 ",$79.86 ,,,
28,Napa,202102,1324,3173,"$104,396.18 ",$78.85 ,,,
28,Napa,202103,1331,3241,"$105,030.37 ",$78.91 ,,,
28,Napa,202104,1271,3090,"$98,658.18 ",$77.62 ,,,
28,Napa,202105,1281,3285,"$98,908.71 ",$77.21 ,,,
28,Napa,202106,1403,4172,"$129,104.60 ",$92.02 ,,,
28,Napa,202107,1400,4251,"$130,450.36 ",$93.18 ,,,
28,Napa,202108,1399,4340,"$133,223.84 ",$95.23 ,,,
28,Napa,202109,1395,4341,"$131,157.51 ",$94.02 ,,,
28,Napa,202110,1385,4136,"$126,265.90 ",$91.17 ,,,
28,Napa,202111,1334,3802,"$120,084.37 ",$90.02 ,,,
28,Napa,202112,1292,3606,"$118,339.70 ",$91.59 ,,,
29,Nevada,2021,962,14027,"$430,668.64 ",$447.68 ,,,
29,Nevada,202101,467,1139,"$32,756.96 ",$70.14 ,,,
29,Nevada,202102,448,984,"$30,937.70 ",$69.06 ,,,
29,Nevada,202103,448,976,"$31,274.23 ",$69.81 ,,,
29,Nevada,202104,432,984,"$30,026.85 ",$69.51 ,,,
29,Nevada,202105,465,1110,"$32,361.53 ",$69.59 ,,,
29,Nevada,202106,484,1339,"$42,290.88 ",$87.38 ,,,
29,Nevada,202107,474,1291,"$40,900.65 ",$86.29 ,,,
29,Nevada,202108,481,1331,"$41,071.00 ",$85.39 ,,,
29,Nevada,202109,473,1307,"$40,224.87 ",$85.04 ,,,
29,Nevada,202110,465,1210,"$36,156.81 ",$77.76 ,,,
29,Nevada,202111,456,1197,"$36,143.26 ",$79.26 ,,,
29,Nevada,202112,451,1159,"$36,523.90 ",$80.98 ,,,
30,Orange,2021,56351,1180991,"$46,915,548.18 ",$832.56 ,,,
30,Orange,202101,35100,90694,"$3,668,309.74 ",$104.51 ,,,
30,Orange,202102,34351,84892,"$3,541,407.52 ",$103.09 ,,,
30,Orange,202103,34377,84534,"$3,513,535.75 ",$102.21 ,,,
30,Orange,202104,33882,82953,"$3,438,732.12 ",$101.49 ,,,
30,Orange,202105,33849,85987,"$3,396,766.87 ",$100.35 ,,,
30,Orange,202106,35450,109229,"$4,293,806.28 ",$121.12 ,,,
30,Orange,202107,35367,109917,"$4,279,097.90 ",$120.99 ,,,
30,Orange,202108,35756,112543,"$4,310,999.91 ",$120.57 ,,,
30,Orange,202109,35737,111994,"$4,330,845.83 ",$121.19 ,,,
30,Orange,202110,35350,106018,"$4,092,477.76 ",$115.77 ,,,
30,Orange,202111,34599,100427,"$4,009,475.32 ",$115.88 ,,,
30,Orange,202112,34602,101803,"$4,040,093.18 ",$116.76 ,,,
31,Placer,2021,5491,61019,"$1,907,181.39 ",$347.33 ,,,
31,Placer,202101,2013,4587,"$136,505.34 ",$67.81 ,,,
31,Placer,202102,1945,4341,"$132,505.50 ",$68.13 ,,,
31,Placer,202103,1950,4236,"$132,227.32 ",$67.81 ,,,
31,Placer,202104,1908,4276,"$131,707.63 ",$69.03 ,,,
31,Placer,202105,1966,4338,"$129,459.42 ",$65.85 ,,,
31,Placer,202106,2126,5445,"$175,554.23 ",$82.57 ,,,
31,Placer,202107,2176,5627,"$180,484.02 ",$82.94 ,,,
31,Placer,202108,2178,5839,"$183,600.66 ",$84.30 ,,,
31,Placer,202109,2204,5807,"$187,821.05 ",$85.22 ,,,
31,Placer,202110,2187,5610,"$174,328.84 ",$79.71 ,,,
31,Placer,202111,2125,5381,"$168,085.64 ",$79.10 ,,,
31,Placer,202112,2175,5532,"$174,901.74 ",$80.41 ,,,
32,Plumas,2021,297,5453,"$160,232.35 ",$539.50 ,,,
32,Plumas,202101,176,458,"$11,880.93 ",$67.51 ,,,
32,Plumas,202102,164,407,"$10,906.86 ",$66.51 ,,,
32,Plumas,202103,150,367,"$11,046.88 ",$73.65 ,,,
32,Plumas,202104,154,389,"$10,309.05 ",$66.94 ,,,
32,Plumas,202105,155,424,"$11,561.47 ",$74.59 ,,,
32,Plumas,202106,175,528,"$16,827.75 ",$96.16 ,,,
32,Plumas,202107,160,459,"$13,633.14 ",$85.21 ,,,
32,Plumas,202108,167,506,"$15,812.40 ",$94.69 ,,,
32,Plumas,202109,161,537,"$16,293.87 ",$101.20 ,,,
32,Plumas,202110,167,479,"$14,505.81 ",$86.86 ,,,
32,Plumas,202111,156,467,"$13,729.42 ",$88.01 ,,,
32,Plumas,202112,149,432,"$13,724.77 ",$92.11 ,,,
33,Riverside,2021,67519,1272011,"$51,869,119.98 ",$768.22 ,,,
33,Riverside,202101,39739,95878,"$3,967,606.45 ",$99.84 ,,,
33,Riverside,202102,38894,89307,"$3,835,549.47 ",$98.62 ,,,
33,Riverside,202103,39045,89704,"$3,835,281.00 ",$98.23 ,,,
33,Riverside,202104,38636,88350,"$3,770,379.50 ",$97.59 ,,,
33,Riverside,202105,38963,91850,"$3,749,569.35 ",$96.23 ,,,
33,Riverside,202106,40286,114529,"$4,688,392.06 ",$116.38 ,,,
33,Riverside,202107,40828,118605,"$4,767,471.26 ",$116.77 ,,,
33,Riverside,202108,41165,121606,"$4,794,668.61 ",$116.47 ,,,
33,Riverside,202109,41323,122851,"$4,833,556.61 ",$116.97 ,,,
33,Riverside,202110,40935,115723,"$4,542,980.24 ",$110.98 ,,,
33,Riverside,202111,39987,110331,"$4,483,757.04 ",$112.13 ,,,
33,Riverside,202112,40426,113277,"$4,599,908.39 ",$113.79 ,,,
34,Sacramento,2021,35030,656722,"$26,645,006.55 ",$760.63 ,,,
34,Sacramento,202101,22365,52172,"$2,119,830.09 ",$94.78 ,,,
34,Sacramento,202102,21503,47749,"$1,998,076.61 ",$92.92 ,,,
34,Sacramento,202103,21075,47218,"$1,957,711.70 ",$92.89 ,,,
34,Sacramento,202104,19948,44332,"$1,762,090.05 ",$88.33 ,,,
34,Sacramento,202105,20792,47657,"$1,893,574.63 ",$91.07 ,,,
34,Sacramento,202106,21541,59809,"$2,448,096.55 ",$113.65 ,,,
34,Sacramento,202107,21477,60760,"$2,440,379.26 ",$113.63 ,,,
34,Sacramento,202108,21880,62816,"$2,488,497.43 ",$113.73 ,,,
34,Sacramento,202109,22004,62584,"$2,523,756.65 ",$114.70 ,,,
34,Sacramento,202110,21808,59261,"$2,363,380.72 ",$108.37 ,,,
34,Sacramento,202111,21159,55715,"$2,307,361.05 ",$109.05 ,,,
34,Sacramento,202112,21331,56649,"$2,342,251.81 ",$109.81 ,,,
35,San Benito,2021,1744,32600,"$1,032,662.55 ",$592.12 ,,,
35,San Benito,202101,917,2558,"$80,153.37 ",$87.41 ,,,
35,San Benito,202102,882,2304,"$74,437.65 ",$84.40 ,,,
35,San Benito,202103,882,2309,"$73,377.98 ",$83.19 ,,,
35,San Benito,202104,862,2318,"$71,804.48 ",$83.30 ,,,
35,San Benito,202105,861,2349,"$72,212.05 ",$83.87 ,,,
35,San Benito,202106,973,2988,"$94,336.66 ",$96.95 ,,,
35,San Benito,202107,976,3083,"$95,992.64 ",$98.35 ,,,
35,San Benito,202108,958,3140,"$94,535.94 ",$98.68 ,,,
35,San Benito,202109,959,3126,"$96,590.22 ",$100.72 ,,,
35,San Benito,202110,931,3013,"$93,757.58 ",$100.71 ,,,
35,San Benito,202111,870,2662,"$90,647.63 ",$104.19 ,,,
35,San Benito,202112,876,2750,"$94,816.35 ",$108.24 ,,,
36,San Bernardino,2021,71092,1337895,"$53,288,321.00 ",$749.57 ,,,
36,San Bernardino,202101,40253,99603,"$3,987,658.94 ",$99.06 ,,,
36,San Bernardino,202102,39602,92286,"$3,858,387.99 ",$97.43 ,,,
36,San Bernardino,202103,39823,92905,"$3,870,854.67 ",$97.20 ,,,
36,San Bernardino,202104,39518,91376,"$3,840,093.97 ",$97.17 ,,,
36,San Bernardino,202105,40143,96731,"$3,854,896.43 ",$96.03 ,,,
36,San Bernardino,202106,42330,123032,"$4,856,209.41 ",$114.72 ,,,
36,San Bernardino,202107,42952,126327,"$4,954,530.65 ",$115.35 ,,,
36,San Bernardino,202108,43624,130122,"$5,031,971.24 ",$115.35 ,,,
36,San Bernardino,202109,44230,132342,"$5,112,581.76 ",$115.59 ,,,
36,San Bernardino,202110,43171,122858,"$4,725,056.10 ",$109.45 ,,,
36,San Bernardino,202111,41655,114933,"$4,582,154.89 ",$110.00 ,,,
36,San Bernardino,202112,41393,115380,"$4,613,924.95 ",$111.47 ,,,
37,San Diego,2021,55686,1263866,"$47,630,817.35 ",$855.35 ,,,
37,San Diego,202101,36877,98081,"$3,686,048.93 ",$99.96 ,,,
37,San Diego,202102,35875,89992,"$3,532,773.53 ",$98.47 ,,,
37,San Diego,202103,35832,89666,"$3,523,875.15 ",$98.34 ,,,
37,San Diego,202104,35461,88649,"$3,481,839.64 ",$98.19 ,,,
37,San Diego,202105,35884,93131,"$3,489,930.89 ",$97.26 ,,,
37,San Diego,202106,36997,117027,"$4,392,369.16 ",$118.72 ,,,
37,San Diego,202107,37103,118439,"$4,425,266.11 ",$119.27 ,,,
37,San Diego,202108,37256,121189,"$4,429,171.70 ",$118.88 ,,,
37,San Diego,202109,36921,119318,"$4,404,602.65 ",$119.30 ,,,
37,San Diego,202110,36229,112517,"$4,128,763.35 ",$113.96 ,,,
37,San Diego,202111,35391,107217,"$4,030,095.33 ",$113.87 ,,,
37,San Diego,202112,35341,108640,"$4,106,080.91 ",$116.18 ,,,
38,San Francisco,2021,7765,136398,"$7,635,008.85 ",$983.26 ,,,
38,San Francisco,202101,4636,10330,"$595,554.20 ",$128.46 ,,,
38,San Francisco,202102,4510,9842,"$577,867.32 ",$128.13 ,,,
38,San Francisco,202103,4559,10123,"$593,119.58 ",$130.10 ,,,
38,San Francisco,202104,4523,10101,"$582,678.60 ",$128.83 ,,,
38,San Francisco,202105,4573,10506,"$578,495.54 ",$126.50 ,,,
38,San Francisco,202106,4726,12626,"$686,100.75 ",$145.18 ,,,
38,San Francisco,202107,4778,12709,"$699,651.62 ",$146.43 ,,,
38,San Francisco,202108,4805,12896,"$693,034.48 ",$144.23 ,,,
38,San Francisco,202109,4734,12566,"$688,655.27 ",$145.47 ,,,
38,San Francisco,202110,4713,12213,"$654,857.70 ",$138.95 ,,,
38,San Francisco,202111,4632,11327,"$644,650.98 ",$139.17 ,,,
38,San Francisco,202112,4580,11159,"$640,342.81 ",$139.81 ,,,
39,San Joaquin,2021,23440,443880,"$19,636,516.61 ",$837.74 ,,,
39,San Joaquin,202101,14333,33180,"$1,472,201.09 ",$102.71 ,,,
39,San Joaquin,202102,14010,30669,"$1,465,751.25 ",$104.62 ,,,
39,San Joaquin,202103,14214,31274,"$1,489,888.22 ",$104.82 ,,,
39,San Joaquin,202104,14149,31250,"$1,477,876.84 ",$104.45 ,,,
39,San Joaquin,202105,14215,32346,"$1,449,782.30 ",$101.99 ,,,
39,San Joaquin,202106,14804,40694,"$1,784,560.89 ",$120.55 ,,,
39,San Joaquin,202107,14895,41966,"$1,794,366.11 ",$120.47 ,,,
39,San Joaquin,202108,15177,43274,"$1,830,244.09 ",$120.59 ,,,
39,San Joaquin,202109,15272,43354,"$1,849,698.42 ",$121.12 ,,,
39,San Joaquin,202110,14845,40240,"$1,694,321.04 ",$114.13 ,,,
39,San Joaquin,202111,14296,37232,"$1,634,142.85 ",$114.31 ,,,
39,San Joaquin,202112,14388,38401,"$1,693,683.51 ",$117.72 ,,,
40,San Luis Obispo,2021,3899,60691,"$2,424,061.59 ",$621.71 ,,,
40,San Luis Obispo,202101,2117,4683,"$181,136.78 ",$85.56 ,,,
40,San Luis Obispo,202102,2055,4368,"$174,850.35 ",$85.09 ,,,
40,San Luis Obispo,202103,2061,4327,"$172,686.29 ",$83.79 ,,,
40,San Luis Obispo,202104,2026,4257,"$169,180.41 ",$83.50 ,,,
40,San Luis Obispo,202105,2101,4535,"$172,272.01 ",$82.00 ,,,
40,San Luis Obispo,202106,2215,5603,"$229,236.02 ",$103.49 ,,,
40,San Luis Obispo,202107,2205,5604,"$223,717.27 ",$101.46 ,,,
40,San Luis Obispo,202108,2208,5749,"$225,328.77 ",$102.05 ,,,
40,San Luis Obispo,202109,2208,5710,"$230,192.26 ",$104.25 ,,,
40,San Luis Obispo,202110,2165,5478,"$213,868.03 ",$98.78 ,,,
40,San Luis Obispo,202111,2114,5160,"$211,833.11 ",$100.20 ,,,
40,San Luis Obispo,202112,2142,5217,"$219,760.29 ",$102.60 ,,,
41,San Mateo,2021,9786,139392,"$7,025,067.20 ",$717.87 ,,,
41,San Mateo,202101,4948,10627,"$553,164.69 ",$111.80 ,,,
41,San Mateo,202102,4816,10114,"$531,399.77 ",$110.34 ,,,
41,San Mateo,202103,4908,10311,"$524,779.27 ",$106.92 ,,,
41,San Mateo,202104,4827,10030,"$513,922.58 ",$106.47 ,,,
41,San Mateo,202105,4760,10048,"$497,530.67 ",$104.52 ,,,
41,San Mateo,202106,5044,12564,"$627,486.12 ",$124.40 ,,,
41,San Mateo,202107,5124,12749,"$630,546.84 ",$123.06 ,,,
41,San Mateo,202108,5168,13206,"$641,417.86 ",$124.11 ,,,
41,San Mateo,202109,5180,12964,"$644,397.60 ",$124.40 ,,,
41,San Mateo,202110,5093,12450,"$611,923.99 ",$120.15 ,,,
41,San Mateo,202111,5030,12053,"$610,754.35 ",$121.42 ,,,
41,San Mateo,202112,5158,12276,"$637,743.46 ",$123.64 ,,,
42,Santa Barbara,2021,14390,286647,"$12,713,861.01 ",$883.52 ,,,
42,Santa Barbara,202101,9590,21941,"$923,800.10 ",$96.33 ,,,
42,Santa Barbara,202102,9550,20377,"$906,136.79 ",$94.88 ,,,
42,Santa Barbara,202103,9624,20626,"$914,913.06 ",$95.07 ,,,
42,Santa Barbara,202104,9598,20620,"$909,407.21 ",$94.75 ,,,
42,Santa Barbara,202105,9583,21117,"$910,365.97 ",$95.00 ,,,
42,Santa Barbara,202106,9885,26442,"$1,178,730.24 ",$119.24 ,,,
42,Santa Barbara,202107,10007,26806,"$1,194,594.97 ",$119.38 ,,,
42,Santa Barbara,202108,9923,27049,"$1,184,669.17 ",$119.39 ,,,
42,Santa Barbara,202109,9956,26845,"$1,199,597.56 ",$120.49 ,,,
42,Santa Barbara,202110,9802,25517,"$1,128,244.18 ",$115.10 ,,,
42,Santa Barbara,202111,9554,24311,"$1,114,440.78 ",$116.65 ,,,
42,Santa Barbara,202112,9741,24996,"$1,148,960.98 ",$117.95 ,,,
43,Santa Clara,2021,21409,380610,"$17,645,479.01 ",$824.21 ,,,
43,Santa Clara,202101,12749,28243,"$1,321,027.04 ",$103.62 ,,,
43,Santa Clara,202102,12393,26223,"$1,280,477.51 ",$103.32 ,,,
43,Santa Clara,202103,12506,26576,"$1,299,703.40 ",$103.93 ,,,
43,Santa Clara,202104,12336,26070,"$1,282,486.84 ",$103.96 ,,,
43,Santa Clara,202105,12619,27426,"$1,288,524.48 ",$102.11 ,,,
43,Santa Clara,202106,13095,35246,"$1,605,221.69 ",$122.58 ,,,
43,Santa Clara,202107,13271,36332,"$1,631,305.12 ",$122.92 ,,,
43,Santa Clara,202108,13375,36918,"$1,650,296.55 ",$123.39 ,,,
43,Santa Clara,202109,13391,36770,"$1,646,028.76 ",$122.92 ,,,
43,Santa Clara,202110,13182,34600,"$1,558,742.29 ",$118.25 ,,,
43,Santa Clara,202111,12853,32971,"$1,525,254.32 ",$118.67 ,,,
43,Santa Clara,202112,12854,33235,"$1,556,411.01 ",$121.08 ,,,
44,Santa Cruz,2021,6729,99861,"$4,578,751.12 ",$680.45 ,,,
44,Santa Cruz,202101,3597,7328,"$338,978.64 ",$94.24 ,,,
44,Santa Cruz,202102,3588,7076,"$329,886.99 ",$91.94 ,,,
44,Santa Cruz,202103,3713,7213,"$338,916.39 ",$91.28 ,,,
44,Santa Cruz,202104,4364,7789,"$389,304.87 ",$89.21 ,,,
44,Santa Cruz,202105,3656,7334,"$332,395.60 ",$90.92 ,,,
44,Santa Cruz,202106,3692,9176,"$411,854.48 ",$111.55 ,,,
44,Santa Cruz,202107,3692,9250,"$408,927.33 ",$110.76 ,,,
44,Santa Cruz,202108,3716,9436,"$414,244.65 ",$111.48 ,,,
44,Santa Cruz,202109,3633,9249,"$411,963.37 ",$113.39 ,,,
44,Santa Cruz,202110,3658,8860,"$405,328.52 ",$110.81 ,,,
44,Santa Cruz,202111,3600,8614,"$395,311.43 ",$109.81 ,,,
44,Santa Cruz,202112,3555,8536,"$401,638.85 ",$112.98 ,,,
45,Shasta,2021,4281,80880,"$2,772,451.03 ",$647.62 ,,,
45,Shasta,202101,2450,6347,"$216,742.98 ",$88.47 ,,,
45,Shasta,202102,2345,5488,"$201,950.04 ",$86.12 ,,,
45,Shasta,202103,2282,5454,"$197,182.13 ",$86.41 ,,,
45,Shasta,202104,2250,5263,"$182,729.24 ",$81.21 ,,,
45,Shasta,202105,2355,5887,"$202,476.89 ",$85.98 ,,,
45,Shasta,202106,2454,7333,"$260,856.74 ",$106.30 ,,,
45,Shasta,202107,2466,7602,"$254,247.26 ",$103.10 ,,,
45,Shasta,202108,2465,7671,"$257,765.38 ",$104.57 ,,,
45,Shasta,202109,2446,7710,"$258,819.95 ",$105.81 ,,,
45,Shasta,202110,2486,7559,"$247,265.40 ",$99.46 ,,,
45,Shasta,202111,2433,7250,"$244,420.82 ",$100.46 ,,,
45,Shasta,202112,2406,7316,"$247,994.20 ",$103.07 ,,,
46,Sierra,2021, - , - , - , - ,,,
46,Sierra,202101, - , - , - , - ,,,
46,Sierra,202102, - , - , - , - ,,,
46,Sierra,202103, - , - , - , - ,,,
46,Sierra,202104, - , - , - , - ,,,
46,Sierra,202105, - , - , - , - ,,,
46,Sierra,202106, - , - , - , - ,,,
46,Sierra,202107, - , - , - , - ,,,
46,Sierra,202108, - , - , - , - ,,,
46,Sierra,202109, - , - , - , - ,,,
46,Sierra,202110, - , - , - , - ,,,
46,Sierra,202111, - , - , - , - ,,,
46,Sierra,202112, - , - , - , - ,,,
47,Siskiyou,2021,803,12928,"$413,814.95 ",$515.34 ,,,
47,Siskiyou,202101,412,1036,"$33,830.58 ",$82.11 ,,,
47,Siskiyou,202102,397,949,"$31,692.06 ",$79.83 ,,,
47,Siskiyou,202103,389,999,"$31,593.69 ",$81.22 ,,,
47,Siskiyou,202104,392,976,"$30,217.36 ",$77.09 ,,,
47,Siskiyou,202105,361,944,"$28,545.94 ",$79.07 ,,,
47,Siskiyou,202106,395,1231,"$38,943.15 ",$98.59 ,,,
47,Siskiyou,202107,391,1105,"$36,313.30 ",$92.87 ,,,
47,Siskiyou,202108,364,1147,"$36,974.55 ",$101.58 ,,,
47,Siskiyou,202109,363,1208,"$39,783.75 ",$109.60 ,,,
47,Siskiyou,202110,338,1105,"$34,213.30 ",$101.22 ,,,
47,Siskiyou,202111,362,1134,"$36,528.46 ",$100.91 ,,,
47,Siskiyou,202112,355,1094,"$35,178.81 ",$99.10 ,,,
48,Solano,2021,12644,143834,"$6,354,358.49 ",$502.56 ,,,
48,Solano,202101,4964,10681,"$456,067.53 ",$91.88 ,,,
48,Solano,202102,4830,9787,"$442,122.09 ",$91.54 ,,,
48,Solano,202103,5055,10198,"$460,414.46 ",$91.08 ,,,
48,Solano,202104,7666,12753,"$668,125.73 ",$87.15 ,,,
48,Solano,202105,5250,10628,"$478,384.37 ",$91.12 ,,,
48,Solano,202106,5149,12993,"$560,304.98 ",$108.82 ,,,
48,Solano,202107,5171,13173,"$562,644.21 ",$108.81 ,,,
48,Solano,202108,5230,13538,"$565,572.34 ",$108.14 ,,,
48,Solano,202109,5154,13197,"$566,966.86 ",$110.01 ,,,
48,Solano,202110,5035,12684,"$531,804.71 ",$105.62 ,,,
48,Solano,202111,4990,11855,"$521,659.29 ",$104.54 ,,,
48,Solano,202112,5030,12347,"$540,291.92 ",$107.41 ,,,
49,Sonoma,2021,6402,123625,"$4,791,101.89 ",$748.38 ,,,
49,Sonoma,202101,3881,9106,"$343,430.86 ",$88.49 ,,,
49,Sonoma,202102,3799,8550,"$329,869.08 ",$86.83 ,,,
49,Sonoma,202103,3864,8795,"$335,448.12 ",$86.81 ,,,
49,Sonoma,202104,3769,8644,"$329,295.16 ",$87.37 ,,,
49,Sonoma,202105,3829,9132,"$331,943.68 ",$86.69 ,,,
49,Sonoma,202106,4087,11391,"$449,253.58 ",$109.92 ,,,
49,Sonoma,202107,4096,11527,"$449,083.37 ",$109.64 ,,,
49,Sonoma,202108,4125,11759,"$457,158.24 ",$110.83 ,,,
49,Sonoma,202109,4166,11881,"$468,090.91 ",$112.36 ,,,
49,Sonoma,202110,4124,11344,"$434,002.78 ",$105.24 ,,,
49,Sonoma,202111,4099,10748,"$430,972.97 ",$105.14 ,,,
49,Sonoma,202112,4052,10748,"$432,553.14 ",$106.75 ,,,
50,Stanislaus,2021,17759,318560,"$12,906,463.21 ",$726.76 ,,,
50,Stanislaus,202101,10465,24749,"$1,008,628.99 ",$96.38 ,,,
50,Stanislaus,202102,10143,22920,"$958,470.60 ",$94.50 ,,,
50,Stanislaus,202103,10063,22759,"$937,625.41 ",$93.18 ,,,
50,Stanislaus,202104,9946,22608,"$928,247.37 ",$93.33 ,,,
50,Stanislaus,202105,8481,20615,"$834,247.53 ",$98.37 ,,,
50,Stanislaus,202106,9528,28279,"$1,128,690.20 ",$118.46 ,,,
50,Stanislaus,202107,9759,29323,"$1,153,932.88 ",$118.24 ,,,
50,Stanislaus,202108,10292,30879,"$1,212,601.34 ",$117.82 ,,,
50,Stanislaus,202109,10505,31380,"$1,249,522.77 ",$118.95 ,,,
50,Stanislaus,202110,10341,29420,"$1,176,165.22 ",$113.74 ,,,
50,Stanislaus,202111,10071,27466,"$1,141,566.93 ",$113.35 ,,,
50,Stanislaus,202112,10206,28162,"$1,176,763.97 ",$115.30 ,,,
51,Sutter,2021,4966,66950,"$2,206,159.75 ",$444.25 ,,,
51,Sutter,202101,2285,4864,"$160,829.35 ",$70.38 ,,,
51,Sutter,202102,2244,4633,"$154,279.70 ",$68.75 ,,,
51,Sutter,202103,2232,4694,"$151,518.62 ",$67.88 ,,,
51,Sutter,202104,2241,4641,"$151,167.88 ",$67.46 ,,,
51,Sutter,202105,2273,4924,"$152,780.51 ",$67.22 ,,,
51,Sutter,202106,2502,6220,"$210,901.17 ",$84.29 ,,,
51,Sutter,202107,2511,6366,"$211,373.82 ",$84.18 ,,,
51,Sutter,202108,2543,6464,"$209,669.64 ",$82.45 ,,,
51,Sutter,202109,2538,6420,"$212,559.38 ",$83.75 ,,,
51,Sutter,202110,2528,5999,"$195,976.36 ",$77.52 ,,,
51,Sutter,202111,2473,5800,"$195,520.99 ",$79.06 ,,,
51,Sutter,202112,2472,5925,"$199,582.33 ",$80.74 ,,,
52,Tehama,2021,1882,33375,"$1,018,893.46 ",$541.39 ,,,
52,Tehama,202101,975,2522,"$74,116.15 ",$76.02 ,,,
52,Tehama,202102,947,2349,"$73,589.18 ",$77.71 ,,,
52,Tehama,202103,927,2299,"$72,609.01 ",$78.33 ,,,
52,Tehama,202104,913,2272,"$71,896.66 ",$78.75 ,,,
52,Tehama,202105,892,2374,"$70,658.27 ",$79.21 ,,,
52,Tehama,202106,929,2932,"$91,298.49 ",$98.28 ,,,
52,Tehama,202107,932,2976,"$91,699.76 ",$98.39 ,,,
52,Tehama,202108,994,3148,"$95,436.92 ",$96.01 ,,,
52,Tehama,202109,987,3192,"$96,224.19 ",$97.49 ,,,
52,Tehama,202110,998,3051,"$91,723.58 ",$91.91 ,,,
52,Tehama,202111,997,3023,"$93,698.45 ",$93.98 ,,,
52,Tehama,202112,1026,3237,"$95,942.80 ",$93.51 ,,,
53,Trinity,2021,254,4810,"$122,395.95 ",$481.87 ,,,
53,Trinity,202101,142,381,"$8,905.26 ",$62.71 ,,,
53,Trinity,202102,124,304,"$7,874.18 ",$63.50 ,,,
53,Trinity,202103,138,323,"$8,771.16 ",$63.56 ,,,
53,Trinity,202104,125,289,"$8,089.21 ",$64.71 ,,,
53,Trinity,202105,124,328,"$8,866.26 ",$71.50 ,,,
53,Trinity,202106,133,441,"$11,152.81 ",$83.86 ,,,
53,Trinity,202107,128,445,"$10,232.44 ",$79.94 ,,,
53,Trinity,202108,131,478,"$11,306.15 ",$86.31 ,,,
53,Trinity,202109,141,462,"$12,152.90 ",$86.19 ,,,
53,Trinity,202110,140,458,"$11,307.50 ",$80.77 ,,,
53,Trinity,202111,136,438,"$11,448.88 ",$84.18 ,,,
53,Trinity,202112,141,463,"$12,289.20 ",$87.16 ,,,
54,Tulare,2021,20587,393463,"$16,378,500.82 ",$795.57 ,,,
54,Tulare,202101,12380,30209,"$1,286,535.36 ",$103.92 ,,,
54,Tulare,202102,12278,28423,"$1,249,303.39 ",$101.75 ,,,
54,Tulare,202103,12483,29009,"$1,261,017.46 ",$101.02 ,,,
54,Tulare,202104,12393,28490,"$1,249,578.70 ",$100.83 ,,,
54,Tulare,202105,12370,29493,"$1,239,507.21 ",$100.20 ,,,
54,Tulare,202106,12832,37478,"$1,528,721.88 ",$119.13 ,,,
54,Tulare,202107,12834,38298,"$1,527,663.90 ",$119.03 ,,,
54,Tulare,202108,12926,38900,"$1,537,958.64 ",$118.98 ,,,
54,Tulare,202109,12123,36823,"$1,474,732.48 ",$121.65 ,,,
54,Tulare,202110,11547,33191,"$1,344,996.65 ",$116.48 ,,,
54,Tulare,202111,11045,31061,"$1,314,903.81 ",$119.05 ,,,
54,Tulare,202112,11197,32088,"$1,363,581.34 ",$121.78 ,,,
55,Tuolumne,2021,834,12274,"$379,328.36 ",$454.83 ,,,
55,Tuolumne,202101,410,1021,"$30,204.24 ",$73.67 ,,,
55,Tuolumne,202102,393,884,"$27,496.72 ",$69.97 ,,,
55,Tuolumne,202103,358,814,"$25,615.52 ",$71.55 ,,,
55,Tuolumne,202104,332,771,"$23,615.25 ",$71.13 ,,,
55,Tuolumne,202105,373,866,"$26,134.53 ",$70.07 ,,,
55,Tuolumne,202106,389,1044,"$34,665.04 ",$89.11 ,,,
55,Tuolumne,202107,404,1076,"$36,318.19 ",$89.90 ,,,
55,Tuolumne,202108,402,1127,"$36,408.40 ",$90.57 ,,,
55,Tuolumne,202109,413,1234,"$36,673.05 ",$88.80 ,,,
55,Tuolumne,202110,398,1194,"$34,346.70 ",$86.30 ,,,
55,Tuolumne,202111,375,1127,"$33,680.13 ",$89.81 ,,,
55,Tuolumne,202112,380,1116,"$34,170.59 ",$89.92 ,,,
56,Ventura,2021,14369,308031,"$11,646,743.35 ",$810.55 ,,,
56,Ventura,202101,9223,23541,"$883,345.92 ",$95.78 ,,,
56,Ventura,202102,9120,22199,"$861,373.91 ",$94.45 ,,,
56,Ventura,202103,9174,22417,"$857,641.61 ",$93.49 ,,,
56,Ventura,202104,9013,21481,"$835,835.06 ",$92.74 ,,,
56,Ventura,202105,9182,22885,"$837,756.09 ",$91.24 ,,,
56,Ventura,202106,9377,28252,"$1,063,176.51 ",$113.38 ,,,
56,Ventura,202107,9423,28961,"$1,071,789.61 ",$113.74 ,,,
56,Ventura,202108,9389,28997,"$1,068,208.99 ",$113.77 ,,,
56,Ventura,202109,9449,28486,"$1,081,499.89 ",$114.46 ,,,
56,Ventura,202110,9506,27908,"$1,039,043.54 ",$109.30 ,,,
56,Ventura,202111,9246,26274,"$1,014,510.23 ",$109.72 ,,,
56,Ventura,202112,9315,26630,"$1,032,561.99 ",$110.85 ,,,
57,Yolo,2021,5447,72554,"$2,260,536.95 ",$415.01 ,,,
57,Yolo,202101,2355,5697,"$172,979.58 ",$73.45 ,,,
57,Yolo,202102,2237,5150,"$159,556.58 ",$71.33 ,,,
57,Yolo,202103,2287,5131,"$160,069.71 ",$69.99 ,,,
57,Yolo,202104,2273,5148,"$161,265.25 ",$70.95 ,,,
57,Yolo,202105,2329,5387,"$160,589.96 ",$68.95 ,,,
57,Yolo,202106,2423,6578,"$212,078.12 ",$87.53 ,,,
57,Yolo,202107,2476,6849,"$211,847.42 ",$85.56 ,,,
57,Yolo,202108,2460,6893,"$211,853.68 ",$86.12 ,,,
57,Yolo,202109,2445,6915,"$216,523.12 ",$88.56 ,,,
57,Yolo,202110,2383,6415,"$200,171.93 ",$84.00 ,,,
57,Yolo,202111,2323,6154,"$195,535.45 ",$84.17 ,,,
57,Yolo,202112,2333,6237,"$198,066.15 ",$84.90 ,,,
58,Yuba,2021,3338,43401,"$1,596,975.08 ",$478.42 ,,,
58,Yuba,202101,1612,3371,"$127,111.27 ",$78.85 ,,,
58,Yuba,202102,1553,3018,"$118,577.69 ",$76.35 ,,,
58,Yuba,202103,1518,3039,"$117,457.80 ",$77.38 ,,,
58,Yuba,202104,1507,3009,"$115,403.56 ",$76.58 ,,,
58,Yuba,202105,1573,3238,"$116,878.93 ",$74.30 ,,,
58,Yuba,202106,1661,4024,"$150,225.22 ",$90.44 ,,,
58,Yuba,202107,1634,4019,"$142,253.44 ",$87.06 ,,,
58,Yuba,202108,1615,4094,"$144,796.72 ",$89.66 ,,,
58,Yuba,202109,1689,4131,"$148,326.84 ",$87.82 ,,,
58,Yuba,202110,1658,4010,"$139,550.43 ",$84.17 ,,,
58,Yuba,202111,1582,3719,"$135,091.62 ",$85.39 ,,,
58,Yuba,202112,1594,3729,"$141,301.56 ",$88.65 ,,,
